0 verbose cli /opt/homebrew/Cellar/node/25.6.1/bin/node /opt/homebrew/bin/npm
1 info using npm@11.9.0
2 info using node@v25.6.1
3 silly config load:file:/opt/homebrew/lib/node_modules/npm/npmrc
4 silly config load:file:/Users/shivam/Desktop/aditi/frontend/.npmrc
5 silly config load:file:/Users/shivam/.npmrc
6 silly config load:file:/opt/homebrew/etc/npmrc
7 verbose title npm install
8 verbose argv "install"
9 verbose logfile logs-max:10 dir:/Users/shivam/Desktop/aditi/.npm-cache/_logs/2026-02-25T09_08_04_000Z-
10 verbose logfile /Users/shivam/Desktop/aditi/.npm-cache/_logs/2026-02-25T09_08_04_000Z-debug-0.log
11 silly logfile done cleaning log files
12 silly packumentCache heap:2348810240 maxSize:587202560 maxEntrySize:293601280
13 silly idealTree buildDeps
14 silly fetch manifest react@^19.2.0
15 silly packumentCache full:https://registry.npmjs.org/react cache-miss
16 http fetch GET 200 https://registry.npmjs.org/react 811ms (cache miss)
17 silly packumentCache full:https://registry.npmjs.org/react set size:undefined disposed:false
18 silly fetch manifest react-dom@^19.2.0
19 silly packumentCache full:https://registry.npmjs.org/react-dom cache-miss
20 http fetch GET 200 https://registry.npmjs.org/react-dom 226ms (cache miss)
21 silly packumentCache full:https://registry.npmjs.org/react-dom set size:undefined disposed:false
22 silly fetch manifest @eslint/js@^9.39.1
23 silly packumentCache full:https://registry.npmjs.org/@eslint%2fjs cache-miss
24 http fetch GET 200 https://registry.npmjs.org/@eslint%2fjs 116ms (cache miss)
25 silly packumentCache full:https://registry.npmjs.org/@eslint%2fjs set size:undefined disposed:false
26 silly fetch manifest @types/react@^19.2.7
27 silly packumentCache full:https://registry.npmjs.org/@types%2freact cache-miss
28 http fetch GET 200 https://registry.npmjs.org/@types%2freact 207ms (cache miss)
29 silly packumentCache full:https://registry.npmjs.org/@types%2freact set size:undefined disposed:false
30 silly fetch manifest @types/react-dom@^19.2.3
31 silly packumentCache full:https://registry.npmjs.org/@types%2freact-dom cache-miss
32 http fetch GET 200 https://registry.npmjs.org/@types%2freact-dom 94ms (cache miss)
33 silly packumentCache full:https://registry.npmjs.org/@types%2freact-dom set size:undefined disposed:false
34 silly fetch manifest @vitejs/plugin-react@^5.1.1
35 silly packumentCache full:https://registry.npmjs.org/@vitejs%2fplugin-react cache-miss
36 http fetch GET 200 https://registry.npmjs.org/@vitejs%2fplugin-react 113ms (cache miss)
37 silly packumentCache full:https://registry.npmjs.org/@vitejs%2fplugin-react set size:undefined disposed:false
38 silly fetch manifest vite@^7.3.1
39 silly packumentCache full:https://registry.npmjs.org/vite cache-miss
40 http fetch GET 200 https://registry.npmjs.org/vite 837ms (cache miss)
41 silly packumentCache full:https://registry.npmjs.org/vite set size:undefined disposed:false
42 silly fetch manifest @types/node@^20.19.0 || >=22.12.0
43 silly packumentCache full:https://registry.npmjs.org/@types%2fnode cache-miss
44 http fetch GET 200 https://registry.npmjs.org/@types%2fnode 293ms (cache miss)
45 silly packumentCache full:https://registry.npmjs.org/@types%2fnode set size:undefined disposed:false
46 silly fetch manifest jiti@>=1.21.0
47 silly packumentCache full:https://registry.npmjs.org/jiti cache-miss
48 http fetch GET 200 https://registry.npmjs.org/jiti 112ms (cache miss)
49 silly packumentCache full:https://registry.npmjs.org/jiti set size:undefined disposed:false
50 silly fetch manifest less@^4.0.0
51 silly packumentCache full:https://registry.npmjs.org/less cache-miss
52 http fetch GET 200 https://registry.npmjs.org/less 136ms (cache miss)
53 silly packumentCache full:https://registry.npmjs.org/less set size:undefined disposed:false
54 silly fetch manifest lightningcss@^1.21.0
55 silly packumentCache full:https://registry.npmjs.org/lightningcss cache-miss
56 http fetch GET 200 https://registry.npmjs.org/lightningcss 97ms (cache miss)
57 silly packumentCache full:https://registry.npmjs.org/lightningcss set size:undefined disposed:false
58 silly fetch manifest sass@^1.70.0
59 silly packumentCache full:https://registry.npmjs.org/sass cache-miss
60 http fetch GET 200 https://registry.npmjs.org/sass 155ms (cache miss)
61 silly packumentCache full:https://registry.npmjs.org/sass set size:undefined disposed:false
62 silly fetch manifest sass-embedded@^1.70.0
63 silly packumentCache full:https://registry.npmjs.org/sass-embedded cache-miss
64 http fetch GET 200 https://registry.npmjs.org/sass-embedded 113ms (cache miss)
65 silly packumentCache full:https://registry.npmjs.org/sass-embedded set size:undefined disposed:false
66 silly fetch manifest stylus@>=0.54.8
67 silly packumentCache full:https://registry.npmjs.org/stylus cache-miss
68 http fetch GET 200 https://registry.npmjs.org/stylus 97ms (cache miss)
69 silly packumentCache full:https://registry.npmjs.org/stylus set size:undefined disposed:false
70 silly fetch manifest sugarss@^5.0.0
71 silly packumentCache full:https://registry.npmjs.org/sugarss cache-miss
72 http fetch GET 200 https://registry.npmjs.org/sugarss 81ms (cache miss)
73 silly packumentCache full:https://registry.npmjs.org/sugarss set size:undefined disposed:false
74 silly fetch manifest postcss@^8.3.3
75 silly packumentCache full:https://registry.npmjs.org/postcss cache-miss
76 http fetch GET 200 https://registry.npmjs.org/postcss 195ms (cache miss)
77 silly packumentCache full:https://registry.npmjs.org/postcss set size:undefined disposed:false
78 silly fetch manifest terser@^5.16.0
79 silly packumentCache full:https://registry.npmjs.org/terser cache-miss
80 http fetch GET 200 https://registry.npmjs.org/terser 111ms (cache miss)
81 silly packumentCache full:https://registry.npmjs.org/terser set size:undefined disposed:false
82 silly fetch manifest tsx@^4.8.1
83 silly packumentCache full:https://registry.npmjs.org/tsx cache-miss
84 http fetch GET 200 https://registry.npmjs.org/tsx 101ms (cache miss)
85 silly packumentCache full:https://registry.npmjs.org/tsx set size:undefined disposed:false
86 silly fetch manifest yaml@^2.4.2
87 silly packumentCache full:https://registry.npmjs.org/yaml cache-miss
88 http fetch GET 200 https://registry.npmjs.org/yaml 101ms (cache miss)
89 silly packumentCache full:https://registry.npmjs.org/yaml set size:undefined disposed:false
90 silly fetch manifest eslint@^9.39.1
91 silly packumentCache full:https://registry.npmjs.org/eslint cache-miss
92 http fetch GET 200 https://registry.npmjs.org/eslint 201ms (cache miss)
93 silly packumentCache full:https://registry.npmjs.org/eslint set size:undefined disposed:false
94 silly fetch manifest jiti@*
95 silly packumentCache full:https://registry.npmjs.org/jiti cache-miss
96 http cache https://registry.npmjs.org/jiti 8ms (cache hit)
97 silly packumentCache full:https://registry.npmjs.org/jiti set size:382310 disposed:false
98 silly fetch manifest eslint-plugin-react-hooks@^7.0.1
99 silly packumentCache full:https://registry.npmjs.org/eslint-plugin-react-hooks cache-miss
100 http fetch GET 200 https://registry.npmjs.org/eslint-plugin-react-hooks 167ms (cache miss)
101 silly packumentCache full:https://registry.npmjs.org/eslint-plugin-react-hooks set size:undefined disposed:false
102 silly fetch manifest eslint-plugin-react-refresh@^0.4.24
103 silly packumentCache full:https://registry.npmjs.org/eslint-plugin-react-refresh cache-miss
104 http fetch GET 200 https://registry.npmjs.org/eslint-plugin-react-refresh 96ms (cache miss)
105 silly packumentCache full:https://registry.npmjs.org/eslint-plugin-react-refresh set size:undefined disposed:false
106 silly fetch manifest globals@^16.5.0
107 silly packumentCache full:https://registry.npmjs.org/globals cache-miss
108 http fetch GET 200 https://registry.npmjs.org/globals 183ms (cache miss)
109 silly packumentCache full:https://registry.npmjs.org/globals set size:undefined disposed:false
110 silly placeDep ROOT @eslint/js@9.39.3 OK for: frontend@0.0.0 want: ^9.39.1
111 silly placeDep ROOT @types/react@19.2.14 OK for: frontend@0.0.0 want: ^19.2.7
112 silly placeDep ROOT @types/react-dom@19.2.3 OK for: frontend@0.0.0 want: ^19.2.3
113 silly placeDep ROOT @vitejs/plugin-react@5.1.4 OK for: frontend@0.0.0 want: ^5.1.1
114 silly placeDep ROOT vite@7.3.1 OK for: @vitejs/plugin-react@5.1.4 want: ^4.2.0 || ^5.0.0 || ^6.0.0 || ^7.0.0
115 silly placeDep ROOT eslint@9.39.3 OK for: frontend@0.0.0 want: ^9.39.1
116 silly placeDep ROOT eslint-plugin-react-hooks@7.0.1 OK for: frontend@0.0.0 want: ^7.0.1
117 silly placeDep ROOT eslint-plugin-react-refresh@0.4.26 OK for: frontend@0.0.0 want: ^0.4.24
118 silly placeDep ROOT globals@16.5.0 OK for: frontend@0.0.0 want: ^16.5.0
119 silly placeDep ROOT react@19.2.4 OK for: frontend@0.0.0 want: ^19.2.0
120 silly placeDep ROOT react-dom@19.2.4 OK for: frontend@0.0.0 want: ^19.2.0
121 silly fetch manifest csstype@^3.2.2
122 silly packumentCache full:https://registry.npmjs.org/csstype cache-miss
123 silly fetch manifest @babel/core@^7.29.0
124 silly packumentCache full:https://registry.npmjs.org/@babel%2fcore cache-miss
125 silly fetch manifest @babel/plugin-transform-react-jsx-self@^7.27.1
126 silly packumentCache full:https://registry.npmjs.org/@babel%2fplugin-transform-react-jsx-self cache-miss
127 silly fetch manifest @babel/plugin-transform-react-jsx-source@^7.27.1
128 silly packumentCache full:https://registry.npmjs.org/@babel%2fplugin-transform-react-jsx-source cache-miss
129 silly fetch manifest @rolldown/pluginutils@1.0.0-rc.3
130 silly packumentCache full:https://registry.npmjs.org/@rolldown%2fpluginutils cache-miss
131 silly fetch manifest @types/babel__core@^7.20.5
132 silly packumentCache full:https://registry.npmjs.org/@types%2fbabel__core cache-miss
133 silly fetch manifest react-refresh@^0.18.0
134 silly packumentCache full:https://registry.npmjs.org/react-refresh cache-miss
135 http fetch GET 200 https://registry.npmjs.org/csstype 100ms (cache miss)
136 silly packumentCache full:https://registry.npmjs.org/csstype set size:undefined disposed:false
137 silly fetch manifest fdir@^6.5.0
138 silly packumentCache full:https://registry.npmjs.org/fdir cache-miss
139 http fetch GET 200 https://registry.npmjs.org/fdir 97ms (cache miss)
140 silly packumentCache full:https://registry.npmjs.org/fdir set size:undefined disposed:false
141 silly fetch manifest rollup@^4.43.0
142 silly packumentCache full:https://registry.npmjs.org/rollup cache-miss
143 http fetch GET 200 https://registry.npmjs.org/@babel%2fplugin-transform-react-jsx-self 312ms (cache miss)
144 silly packumentCache full:https://registry.npmjs.org/@babel%2fplugin-transform-react-jsx-self set size:undefined disposed:false
145 silly fetch manifest esbuild@^0.27.0
146 silly packumentCache full:https://registry.npmjs.org/esbuild cache-miss
147 http fetch GET 200 https://registry.npmjs.org/@babel%2fplugin-transform-react-jsx-source 314ms (cache miss)
148 silly packumentCache full:https://registry.npmjs.org/@babel%2fplugin-transform-react-jsx-source set size:undefined disposed:false
149 silly fetch manifest postcss@^8.5.6
150 silly packumentCache full:https://registry.npmjs.org/postcss cache-miss
151 http cache https://registry.npmjs.org/postcss 3ms (cache hit)
152 silly packumentCache full:https://registry.npmjs.org/postcss set size:696248 disposed:false
153 silly fetch manifest picomatch@^4.0.3
154 silly packumentCache full:https://registry.npmjs.org/picomatch cache-miss
155 http fetch GET 200 https://registry.npmjs.org/@types%2fbabel__core 398ms (cache miss)
156 silly packumentCache full:https://registry.npmjs.org/@types%2fbabel__core set size:undefined disposed:false
157 silly fetch manifest tinyglobby@^0.2.15
158 silly packumentCache full:https://registry.npmjs.org/tinyglobby cache-miss
159 http fetch GET 200 https://registry.npmjs.org/rollup 202ms (cache miss)
160 silly packumentCache full:https://registry.npmjs.org/rollup set size:undefined disposed:false
161 silly fetch manifest fsevents@~2.3.3
162 silly packumentCache full:https://registry.npmjs.org/fsevents cache-miss
163 http fetch GET 200 https://registry.npmjs.org/picomatch 107ms (cache miss)
164 silly packumentCache full:https://registry.npmjs.org/picomatch set size:undefined disposed:false
165 silly fetch manifest ajv@^6.12.4
166 silly packumentCache full:https://registry.npmjs.org/ajv cache-miss
167 http fetch GET 200 https://registry.npmjs.org/@rolldown%2fpluginutils 522ms (cache miss)
168 silly packumentCache full:https://registry.npmjs.org/@rolldown%2fpluginutils set size:undefined disposed:false
169 silly fetch manifest chalk@^4.0.0
170 silly packumentCache full:https://registry.npmjs.org/chalk cache-miss
171 http fetch GET 200 https://registry.npmjs.org/@babel%2fcore 533ms (cache miss)
172 silly packumentCache full:https://registry.npmjs.org/@babel%2fcore set size:undefined disposed:false
173 silly fetch manifest debug@^4.3.2
174 silly packumentCache full:https://registry.npmjs.org/debug cache-miss
175 http fetch GET 200 https://registry.npmjs.org/tinyglobby 138ms (cache miss)
176 silly packumentCache full:https://registry.npmjs.org/tinyglobby set size:undefined disposed:false
177 silly fetch manifest espree@^10.4.0
178 silly packumentCache full:https://registry.npmjs.org/espree cache-miss
179 http fetch GET 200 https://registry.npmjs.org/fsevents 193ms (cache miss)
180 silly packumentCache full:https://registry.npmjs.org/fsevents set size:undefined disposed:false
181 silly fetch manifest ignore@^5.2.0
182 silly packumentCache full:https://registry.npmjs.org/ignore cache-miss
183 http fetch GET 200 https://registry.npmjs.org/esbuild 331ms (cache miss)
184 silly packumentCache full:https://registry.npmjs.org/esbuild set size:undefined disposed:false
185 silly fetch manifest esquery@^1.5.0
186 silly packumentCache full:https://registry.npmjs.org/esquery cache-miss
187 http fetch GET 200 https://registry.npmjs.org/debug 132ms (cache miss)
188 silly packumentCache full:https://registry.npmjs.org/debug set size:undefined disposed:false
189 silly fetch manifest esutils@^2.0.2
190 silly packumentCache full:https://registry.npmjs.org/esutils cache-miss
191 http fetch GET 200 https://registry.npmjs.org/chalk 151ms (cache miss)
192 silly packumentCache full:https://registry.npmjs.org/chalk set size:undefined disposed:false
193 silly fetch manifest find-up@^5.0.0
194 silly packumentCache full:https://registry.npmjs.org/find-up cache-miss
195 http fetch GET 200 https://registry.npmjs.org/espree 141ms (cache miss)
196 silly packumentCache full:https://registry.npmjs.org/espree set size:undefined disposed:false
197 silly fetch manifest is-glob@^4.0.0
198 silly packumentCache full:https://registry.npmjs.org/is-glob cache-miss
199 http fetch GET 200 https://registry.npmjs.org/ignore 77ms (cache miss)
200 silly packumentCache full:https://registry.npmjs.org/ignore set size:undefined disposed:false
201 silly fetch manifest minimatch@^3.1.2
202 silly packumentCache full:https://registry.npmjs.org/minimatch cache-miss
203 http fetch GET 200 https://registry.npmjs.org/ajv 287ms (cache miss)
204 silly packumentCache full:https://registry.npmjs.org/ajv set size:undefined disposed:false
205 silly fetch manifest optionator@^0.9.3
206 silly packumentCache full:https://registry.npmjs.org/optionator cache-miss
207 http fetch GET 200 https://registry.npmjs.org/esquery 77ms (cache miss)
208 silly packumentCache full:https://registry.npmjs.org/esquery set size:undefined disposed:false
209 silly fetch manifest cross-spawn@^7.0.6
210 silly packumentCache full:https://registry.npmjs.org/cross-spawn cache-miss
211 http fetch GET 200 https://registry.npmjs.org/esutils 96ms (cache miss)
212 silly packumentCache full:https://registry.npmjs.org/esutils set size:undefined disposed:false
213 silly fetch manifest glob-parent@^6.0.2
214 silly packumentCache full:https://registry.npmjs.org/glob-parent cache-miss
215 http fetch GET 200 https://registry.npmjs.org/is-glob 95ms (cache miss)
216 silly packumentCache full:https://registry.npmjs.org/is-glob set size:undefined disposed:false
217 silly fetch manifest imurmurhash@^0.1.4
218 silly packumentCache full:https://registry.npmjs.org/imurmurhash cache-miss
219 http fetch GET 200 https://registry.npmjs.org/minimatch 86ms (cache miss)
220 silly packumentCache full:https://registry.npmjs.org/minimatch set size:undefined disposed:false
221 silly fetch manifest @eslint/core@^0.17.0
222 silly packumentCache full:https://registry.npmjs.org/@eslint%2fcore cache-miss
223 http fetch GET 200 https://registry.npmjs.org/find-up 114ms (cache miss)
224 silly packumentCache full:https://registry.npmjs.org/find-up set size:undefined disposed:false
225 silly fetch manifest eslint-scope@^8.4.0
226 silly packumentCache full:https://registry.npmjs.org/eslint-scope cache-miss
227 http fetch GET 200 https://registry.npmjs.org/cross-spawn 86ms (cache miss)
228 silly packumentCache full:https://registry.npmjs.org/cross-spawn set size:undefined disposed:false
229 silly fetch manifest lodash.merge@^4.6.2
230 silly packumentCache full:https://registry.npmjs.org/lodash.merge cache-miss
231 http fetch GET 200 https://registry.npmjs.org/optionator 97ms (cache miss)
232 silly packumentCache full:https://registry.npmjs.org/optionator set size:undefined disposed:false
233 silly fetch manifest @humanfs/node@^0.16.6
234 silly packumentCache full:https://registry.npmjs.org/@humanfs%2fnode cache-miss
235 http fetch GET 200 https://registry.npmjs.org/glob-parent 107ms (cache miss)
236 silly packumentCache full:https://registry.npmjs.org/glob-parent set size:undefined disposed:false
237 silly fetch manifest @types/estree@^1.0.6
238 silly packumentCache full:https://registry.npmjs.org/@types%2festree cache-miss
239 http fetch GET 200 https://registry.npmjs.org/lodash.merge 88ms (cache miss)
240 silly packumentCache full:https://registry.npmjs.org/lodash.merge set size:undefined disposed:false
241 silly fetch manifest fast-deep-equal@^3.1.3
242 silly packumentCache full:https://registry.npmjs.org/fast-deep-equal cache-miss
243 http fetch GET 200 https://registry.npmjs.org/@eslint%2fcore 117ms (cache miss)
244 silly packumentCache full:https://registry.npmjs.org/@eslint%2fcore set size:undefined disposed:false
245 silly fetch manifest natural-compare@^1.4.0
246 silly packumentCache full:https://registry.npmjs.org/natural-compare cache-miss
247 http fetch GET 200 https://registry.npmjs.org/imurmurhash 125ms (cache miss)
248 silly packumentCache full:https://registry.npmjs.org/imurmurhash set size:undefined disposed:false
249 silly fetch manifest @eslint/eslintrc@^3.3.1
250 silly packumentCache full:https://registry.npmjs.org/@eslint%2feslintrc cache-miss
251 http fetch GET 200 https://registry.npmjs.org/@humanfs%2fnode 101ms (cache miss)
252 silly packumentCache full:https://registry.npmjs.org/@humanfs%2fnode set size:undefined disposed:false
253 silly fetch manifest file-entry-cache@^8.0.0
254 silly packumentCache full:https://registry.npmjs.org/file-entry-cache cache-miss
255 http fetch GET 200 https://registry.npmjs.org/eslint-scope 131ms (cache miss)
256 silly packumentCache full:https://registry.npmjs.org/eslint-scope set size:undefined disposed:false
257 silly fetch manifest @eslint/plugin-kit@^0.4.1
258 silly packumentCache full:https://registry.npmjs.org/@eslint%2fplugin-kit cache-miss
259 http fetch GET 200 https://registry.npmjs.org/react-refresh 948ms (cache miss)
260 silly packumentCache full:https://registry.npmjs.org/react-refresh set size:undefined disposed:false
261 silly fetch manifest eslint-visitor-keys@^4.2.1
262 silly packumentCache full:https://registry.npmjs.org/eslint-visitor-keys cache-miss
263 http fetch GET 200 https://registry.npmjs.org/@types%2festree 178ms (cache miss)
264 silly packumentCache full:https://registry.npmjs.org/@types%2festree set size:undefined disposed:false
265 silly fetch manifest @eslint/config-array@^0.21.1
266 silly packumentCache full:https://registry.npmjs.org/@eslint%2fconfig-array cache-miss
267 http fetch GET 200 https://registry.npmjs.org/fast-deep-equal 153ms (cache miss)
268 silly packumentCache full:https://registry.npmjs.org/fast-deep-equal set size:undefined disposed:false
269 silly fetch manifest @humanwhocodes/retry@^0.4.2
270 silly packumentCache full:https://registry.npmjs.org/@humanwhocodes%2fretry cache-miss
271 http fetch GET 200 https://registry.npmjs.org/natural-compare 155ms (cache miss)
272 silly packumentCache full:https://registry.npmjs.org/natural-compare set size:undefined disposed:false
273 silly fetch manifest escape-string-regexp@^4.0.0
274 silly packumentCache full:https://registry.npmjs.org/escape-string-regexp cache-miss
275 http fetch GET 200 https://registry.npmjs.org/file-entry-cache 135ms (cache miss)
276 silly packumentCache full:https://registry.npmjs.org/file-entry-cache set size:undefined disposed:false
277 silly fetch manifest @eslint/config-helpers@^0.4.2
278 silly packumentCache full:https://registry.npmjs.org/@eslint%2fconfig-helpers cache-miss
279 http fetch GET 200 https://registry.npmjs.org/@eslint%2feslintrc 156ms (cache miss)
280 silly packumentCache full:https://registry.npmjs.org/@eslint%2feslintrc set size:undefined disposed:false
281 silly fetch manifest @eslint-community/regexpp@^4.12.1
282 silly packumentCache full:https://registry.npmjs.org/@eslint-community%2fregexpp cache-miss
283 http fetch GET 200 https://registry.npmjs.org/@eslint%2fplugin-kit 209ms (cache miss)
284 silly packumentCache full:https://registry.npmjs.org/@eslint%2fplugin-kit set size:undefined disposed:false
285 silly fetch manifest @eslint-community/eslint-utils@^4.8.0
286 silly packumentCache full:https://registry.npmjs.org/@eslint-community%2feslint-utils cache-miss
287 http fetch GET 200 https://registry.npmjs.org/escape-string-regexp 91ms (cache miss)
288 silly packumentCache full:https://registry.npmjs.org/escape-string-regexp set size:undefined disposed:false
289 silly fetch manifest @humanwhocodes/module-importer@^1.0.1
290 silly packumentCache full:https://registry.npmjs.org/@humanwhocodes%2fmodule-importer cache-miss
291 http fetch GET 200 https://registry.npmjs.org/eslint-visitor-keys 181ms (cache miss)
292 silly packumentCache full:https://registry.npmjs.org/eslint-visitor-keys set size:undefined disposed:false
293 silly fetch manifest json-stable-stringify-without-jsonify@^1.0.1
294 silly packumentCache full:https://registry.npmjs.org/json-stable-stringify-without-jsonify cache-miss
295 http fetch GET 200 https://registry.npmjs.org/@eslint%2fconfig-helpers 92ms (cache miss)
296 silly packumentCache full:https://registry.npmjs.org/@eslint%2fconfig-helpers set size:undefined disposed:false
297 silly fetch manifest zod@^3.25.0 || ^4.0.0
298 silly packumentCache full:https://registry.npmjs.org/zod cache-miss
299 http fetch GET 200 https://registry.npmjs.org/@humanwhocodes%2fretry 99ms (cache miss)
300 silly packumentCache full:https://registry.npmjs.org/@humanwhocodes%2fretry set size:undefined disposed:false
301 silly fetch manifest @babel/core@^7.24.4
302 silly packumentCache full:https://registry.npmjs.org/@babel%2fcore cache-miss
303 http cache https://registry.npmjs.org/@babel%2fcore 5ms (cache hit)
304 silly packumentCache full:https://registry.npmjs.org/@babel%2fcore set size:756140 disposed:false
305 silly fetch manifest @babel/parser@^7.24.4
306 silly packumentCache full:https://registry.npmjs.org/@babel%2fparser cache-miss
307 http fetch GET 200 https://registry.npmjs.org/@eslint%2fconfig-array 110ms (cache miss)
308 silly packumentCache full:https://registry.npmjs.org/@eslint%2fconfig-array set size:undefined disposed:false
309 silly fetch manifest hermes-parser@^0.25.1
310 silly packumentCache full:https://registry.npmjs.org/hermes-parser cache-miss
311 http fetch GET 200 https://registry.npmjs.org/@eslint-community%2fregexpp 121ms (cache miss)
312 silly packumentCache full:https://registry.npmjs.org/@eslint-community%2fregexpp set size:undefined disposed:false
313 silly fetch manifest zod-validation-error@^3.5.0 || ^4.0.0
314 silly packumentCache full:https://registry.npmjs.org/zod-validation-error cache-miss
315 http fetch GET 200 https://registry.npmjs.org/@humanwhocodes%2fmodule-importer 112ms (cache miss)
316 silly packumentCache full:https://registry.npmjs.org/@humanwhocodes%2fmodule-importer set size:undefined disposed:false
317 silly fetch manifest scheduler@^0.27.0
318 silly packumentCache full:https://registry.npmjs.org/scheduler cache-miss
319 http fetch GET 200 https://registry.npmjs.org/json-stable-stringify-without-jsonify 115ms (cache miss)
320 silly packumentCache full:https://registry.npmjs.org/json-stable-stringify-without-jsonify set size:undefined disposed:false
321 http fetch GET 200 https://registry.npmjs.org/zod 114ms (cache miss)
322 silly packumentCache full:https://registry.npmjs.org/zod set size:undefined disposed:false
323 http fetch GET 200 https://registry.npmjs.org/@eslint-community%2feslint-utils 152ms (cache miss)
324 silly packumentCache full:https://registry.npmjs.org/@eslint-community%2feslint-utils set size:undefined disposed:false
325 http fetch GET 200 https://registry.npmjs.org/@babel%2fparser 129ms (cache miss)
326 silly packumentCache full:https://registry.npmjs.org/@babel%2fparser set size:undefined disposed:false
327 http fetch GET 200 https://registry.npmjs.org/hermes-parser 131ms (cache miss)
328 silly packumentCache full:https://registry.npmjs.org/hermes-parser set size:undefined disposed:false
329 http fetch GET 200 https://registry.npmjs.org/zod-validation-error 114ms (cache miss)
330 silly packumentCache full:https://registry.npmjs.org/zod-validation-error set size:undefined disposed:false
331 http fetch GET 200 https://registry.npmjs.org/scheduler 409ms (cache miss)
332 silly packumentCache full:https://registry.npmjs.org/scheduler set size:undefined disposed:false
333 silly placeDep ROOT csstype@3.2.3 OK for: @types/react@19.2.14 want: ^3.2.2
334 silly placeDep ROOT @babel/core@7.29.0 OK for: @vitejs/plugin-react@5.1.4 want: ^7.29.0
335 silly placeDep ROOT @babel/plugin-transform-react-jsx-self@7.27.1 OK for: @vitejs/plugin-react@5.1.4 want: ^7.27.1
336 silly placeDep ROOT @babel/plugin-transform-react-jsx-source@7.27.1 OK for: @vitejs/plugin-react@5.1.4 want: ^7.27.1
337 silly placeDep ROOT @rolldown/pluginutils@1.0.0-rc.3 OK for: @vitejs/plugin-react@5.1.4 want: 1.0.0-rc.3
338 silly placeDep ROOT @types/babel__core@7.20.5 OK for: @vitejs/plugin-react@5.1.4 want: ^7.20.5
339 silly placeDep ROOT react-refresh@0.18.0 OK for: @vitejs/plugin-react@5.1.4 want: ^0.18.0
340 silly fetch manifest debug@^4.1.0
341 silly packumentCache full:https://registry.npmjs.org/debug cache-miss
342 silly fetch manifest json5@^2.2.3
343 silly packumentCache full:https://registry.npmjs.org/json5 cache-miss
344 silly fetch manifest semver@^6.3.1
345 silly packumentCache full:https://registry.npmjs.org/semver cache-miss
346 silly fetch manifest gensync@^1.0.0-beta.2
347 silly packumentCache full:https://registry.npmjs.org/gensync cache-miss
348 silly fetch manifest @babel/types@^7.29.0
349 silly packumentCache full:https://registry.npmjs.org/@babel%2ftypes cache-miss
350 silly fetch manifest @babel/parser@^7.29.0
351 silly packumentCache full:https://registry.npmjs.org/@babel%2fparser cache-miss
352 silly fetch manifest @babel/helpers@^7.28.6
353 silly packumentCache full:https://registry.npmjs.org/@babel%2fhelpers cache-miss
354 http cache https://registry.npmjs.org/debug 52ms (cache hit)
355 silly packumentCache full:https://registry.npmjs.org/debug set size:195840 disposed:false
356 silly fetch manifest @babel/template@^7.28.6
357 silly packumentCache full:https://registry.npmjs.org/@babel%2ftemplate cache-miss
358 http cache https://registry.npmjs.org/@babel%2fparser 58ms (cache hit)
359 silly packumentCache full:https://registry.npmjs.org/@babel%2fparser set size:714217 disposed:false
360 silly fetch manifest @babel/traverse@^7.29.0
361 silly packumentCache full:https://registry.npmjs.org/@babel%2ftraverse cache-miss
362 http fetch GET 200 https://registry.npmjs.org/semver 116ms (cache miss)
363 silly packumentCache full:https://registry.npmjs.org/semver set size:undefined disposed:false
364 silly fetch manifest @babel/generator@^7.29.0
365 silly packumentCache full:https://registry.npmjs.org/@babel%2fgenerator cache-miss
366 http fetch GET 200 https://registry.npmjs.org/gensync 152ms (cache miss)
367 silly packumentCache full:https://registry.npmjs.org/gensync set size:undefined disposed:false
368 silly fetch manifest @babel/code-frame@^7.29.0
369 silly packumentCache full:https://registry.npmjs.org/@babel%2fcode-frame cache-miss
370 http fetch GET 200 https://registry.npmjs.org/json5 163ms (cache miss)
371 silly packumentCache full:https://registry.npmjs.org/json5 set size:undefined disposed:false
372 silly fetch manifest convert-source-map@^2.0.0
373 silly packumentCache full:https://registry.npmjs.org/convert-source-map cache-miss
374 http fetch GET 200 https://registry.npmjs.org/@babel%2fhelpers 161ms (cache miss)
375 silly packumentCache full:https://registry.npmjs.org/@babel%2fhelpers set size:undefined disposed:false
376 silly fetch manifest @jridgewell/remapping@^2.3.5
377 silly packumentCache full:https://registry.npmjs.org/@jridgewell%2fremapping cache-miss
378 http fetch GET 200 https://registry.npmjs.org/@babel%2ftraverse 138ms (cache miss)
379 silly packumentCache full:https://registry.npmjs.org/@babel%2ftraverse set size:undefined disposed:false
380 silly fetch manifest @babel/helper-module-transforms@^7.28.6
381 silly packumentCache full:https://registry.npmjs.org/@babel%2fhelper-module-transforms cache-miss
382 http fetch GET 200 https://registry.npmjs.org/@babel%2fgenerator 103ms (cache miss)
383 silly packumentCache full:https://registry.npmjs.org/@babel%2fgenerator set size:undefined disposed:false
384 silly fetch manifest @babel/helper-compilation-targets@^7.28.6
385 silly packumentCache full:https://registry.npmjs.org/@babel%2fhelper-compilation-targets cache-miss
386 http fetch GET 200 https://registry.npmjs.org/@babel%2ftemplate 187ms (cache miss)
387 silly packumentCache full:https://registry.npmjs.org/@babel%2ftemplate set size:undefined disposed:false
388 silly fetch manifest @babel/helper-plugin-utils@^7.27.1
389 silly packumentCache full:https://registry.npmjs.org/@babel%2fhelper-plugin-utils cache-miss
390 http fetch GET 200 https://registry.npmjs.org/@jridgewell%2fremapping 102ms (cache miss)
391 silly packumentCache full:https://registry.npmjs.org/@jridgewell%2fremapping set size:undefined disposed:false
392 silly fetch manifest @babel/helper-plugin-utils@^7.27.1
393 silly packumentCache full:https://registry.npmjs.org/@babel%2fhelper-plugin-utils cache-miss
394 http fetch GET 200 https://registry.npmjs.org/@babel%2ftypes 366ms (cache miss)
395 silly packumentCache full:https://registry.npmjs.org/@babel%2ftypes set size:undefined disposed:false
396 silly fetch manifest @babel/types@^7.20.7
397 silly packumentCache full:https://registry.npmjs.org/@babel%2ftypes cache-miss
398 http fetch GET 200 https://registry.npmjs.org/convert-source-map 207ms (cache miss)
399 silly packumentCache full:https://registry.npmjs.org/convert-source-map set size:undefined disposed:false
400 silly fetch manifest @babel/parser@^7.20.7
401 silly packumentCache full:https://registry.npmjs.org/@babel%2fparser cache-hit
402 silly fetch manifest @types/babel__template@*
403 silly packumentCache full:https://registry.npmjs.org/@types%2fbabel__template cache-miss
404 http cache https://registry.npmjs.org/@babel%2ftypes 3ms (cache hit)
405 silly packumentCache full:https://registry.npmjs.org/@babel%2ftypes set size:485839 disposed:false
406 silly fetch manifest @types/babel__traverse@*
407 silly packumentCache full:https://registry.npmjs.org/@types%2fbabel__traverse cache-miss
408 http fetch GET 200 https://registry.npmjs.org/@babel%2fcode-frame 229ms (cache miss)
409 silly packumentCache full:https://registry.npmjs.org/@babel%2fcode-frame set size:undefined disposed:false
410 silly fetch manifest @types/babel__generator@*
411 silly packumentCache full:https://registry.npmjs.org/@types%2fbabel__generator cache-miss
412 http fetch GET 200 https://registry.npmjs.org/@babel%2fhelper-module-transforms 187ms (cache miss)
413 silly packumentCache full:https://registry.npmjs.org/@babel%2fhelper-module-transforms set size:undefined disposed:false
414 http fetch GET 200 https://registry.npmjs.org/@babel%2fhelper-compilation-targets 170ms (cache miss)
415 silly packumentCache full:https://registry.npmjs.org/@babel%2fhelper-compilation-targets set size:undefined disposed:false
416 http fetch GET 200 https://registry.npmjs.org/@babel%2fhelper-plugin-utils 126ms (cache miss)
417 silly packumentCache full:https://registry.npmjs.org/@babel%2fhelper-plugin-utils set size:undefined disposed:false
418 http fetch GET 200 https://registry.npmjs.org/@babel%2fhelper-plugin-utils 162ms (cache miss)
419 silly packumentCache full:https://registry.npmjs.org/@babel%2fhelper-plugin-utils set size:undefined disposed:false
420 http fetch GET 200 https://registry.npmjs.org/@types%2fbabel__generator 135ms (cache miss)
421 silly packumentCache full:https://registry.npmjs.org/@types%2fbabel__generator set size:undefined disposed:false
422 http fetch GET 200 https://registry.npmjs.org/@types%2fbabel__traverse 152ms (cache miss)
423 silly packumentCache full:https://registry.npmjs.org/@types%2fbabel__traverse set size:undefined disposed:false
424 http fetch GET 200 https://registry.npmjs.org/@types%2fbabel__template 720ms (cache miss)
425 silly packumentCache full:https://registry.npmjs.org/@types%2fbabel__template set size:undefined disposed:false
426 silly fetch manifest @babel/core@^7.0.0
427 silly packumentCache full:https://registry.npmjs.org/@babel%2fcore cache-hit
428 silly placeDep ROOT @babel/code-frame@7.29.0 OK for: @babel/core@7.29.0 want: ^7.29.0
429 silly placeDep ROOT @babel/generator@7.29.1 OK for: @babel/core@7.29.0 want: ^7.29.0
430 silly placeDep ROOT @babel/helper-compilation-targets@7.28.6 OK for: @babel/core@7.29.0 want: ^7.28.6
431 silly placeDep ROOT @babel/helper-module-transforms@7.28.6 OK for: @babel/core@7.29.0 want: ^7.28.6
432 silly placeDep ROOT @babel/helpers@7.28.6 OK for: @babel/core@7.29.0 want: ^7.28.6
433 silly placeDep ROOT @babel/parser@7.29.0 OK for: @babel/core@7.29.0 want: ^7.29.0
434 silly placeDep ROOT @babel/template@7.28.6 OK for: @babel/core@7.29.0 want: ^7.28.6
435 silly placeDep ROOT @babel/traverse@7.29.0 OK for: @babel/core@7.29.0 want: ^7.29.0
436 silly placeDep ROOT @babel/types@7.29.0 OK for: @babel/core@7.29.0 want: ^7.29.0
437 silly placeDep ROOT @jridgewell/remapping@2.3.5 OK for: @babel/core@7.29.0 want: ^2.3.5
438 silly placeDep ROOT convert-source-map@2.0.0 OK for: @babel/core@7.29.0 want: ^2.0.0
439 silly placeDep ROOT debug@4.4.3 OK for: @babel/core@7.29.0 want: ^4.1.0
440 silly placeDep ROOT gensync@1.0.0-beta.2 OK for: @babel/core@7.29.0 want: ^1.0.0-beta.2
441 silly placeDep ROOT json5@2.2.3 OK for: @babel/core@7.29.0 want: ^2.2.3
442 silly placeDep ROOT semver@6.3.1 OK for: @babel/core@7.29.0 want: ^6.3.1
443 silly fetch manifest js-tokens@^4.0.0
444 silly packumentCache full:https://registry.npmjs.org/js-tokens cache-miss
445 silly fetch manifest picocolors@^1.1.1
446 silly packumentCache full:https://registry.npmjs.org/picocolors cache-miss
447 silly fetch manifest @babel/helper-validator-identifier@^7.28.5
448 silly packumentCache full:https://registry.npmjs.org/@babel%2fhelper-validator-identifier cache-miss
449 silly fetch manifest jsesc@^3.0.2
450 silly packumentCache full:https://registry.npmjs.org/jsesc cache-miss
451 silly fetch manifest @jridgewell/gen-mapping@^0.3.12
452 silly packumentCache full:https://registry.npmjs.org/@jridgewell%2fgen-mapping cache-miss
453 silly fetch manifest @jridgewell/trace-mapping@^0.3.28
454 silly packumentCache full:https://registry.npmjs.org/@jridgewell%2ftrace-mapping cache-miss
455 silly fetch manifest lru-cache@^5.1.1
456 silly packumentCache full:https://registry.npmjs.org/lru-cache cache-miss
457 http fetch GET 200 https://registry.npmjs.org/picocolors 84ms (cache miss)
458 silly packumentCache full:https://registry.npmjs.org/picocolors set size:undefined disposed:false
459 silly fetch manifest browserslist@^4.24.0
460 silly packumentCache full:https://registry.npmjs.org/browserslist cache-miss
461 http fetch GET 200 https://registry.npmjs.org/js-tokens 93ms (cache miss)
462 silly packumentCache full:https://registry.npmjs.org/js-tokens set size:undefined disposed:false
463 silly fetch manifest @babel/compat-data@^7.28.6
464 silly packumentCache full:https://registry.npmjs.org/@babel%2fcompat-data cache-miss
465 http fetch GET 200 https://registry.npmjs.org/jsesc 117ms (cache miss)
466 silly packumentCache full:https://registry.npmjs.org/jsesc set size:undefined disposed:false
467 silly fetch manifest @babel/helper-validator-option@^7.27.1
468 silly packumentCache full:https://registry.npmjs.org/@babel%2fhelper-validator-option cache-miss
469 http fetch GET 200 https://registry.npmjs.org/@babel%2fhelper-validator-identifier 128ms (cache miss)
470 silly packumentCache full:https://registry.npmjs.org/@babel%2fhelper-validator-identifier set size:undefined disposed:false
471 silly fetch manifest @babel/traverse@^7.28.6
472 silly packumentCache full:https://registry.npmjs.org/@babel%2ftraverse cache-miss
473 http fetch GET 200 https://registry.npmjs.org/@jridgewell%2fgen-mapping 130ms (cache miss)
474 silly packumentCache full:https://registry.npmjs.org/@jridgewell%2fgen-mapping set size:undefined disposed:false
475 silly fetch manifest @babel/helper-module-imports@^7.28.6
476 silly packumentCache full:https://registry.npmjs.org/@babel%2fhelper-module-imports cache-miss
477 http cache https://registry.npmjs.org/@babel%2ftraverse 8ms (cache hit)
478 silly packumentCache full:https://registry.npmjs.org/@babel%2ftraverse set size:546499 disposed:false
479 silly fetch manifest @babel/types@^7.28.6
480 silly packumentCache full:https://registry.npmjs.org/@babel%2ftypes cache-hit
481 silly fetch manifest debug@^4.3.1
482 silly packumentCache full:https://registry.npmjs.org/debug cache-hit
483 silly fetch manifest @babel/helper-globals@^7.28.0
484 silly packumentCache full:https://registry.npmjs.org/@babel%2fhelper-globals cache-miss
485 http fetch GET 200 https://registry.npmjs.org/@jridgewell%2ftrace-mapping 148ms (cache miss)
486 silly packumentCache full:https://registry.npmjs.org/@jridgewell%2ftrace-mapping set size:undefined disposed:false
487 silly fetch manifest @babel/helper-string-parser@^7.27.1
488 silly packumentCache full:https://registry.npmjs.org/@babel%2fhelper-string-parser cache-miss
489 http fetch GET 200 https://registry.npmjs.org/lru-cache 151ms (cache miss)
490 silly packumentCache full:https://registry.npmjs.org/lru-cache set size:undefined disposed:false
491 silly fetch manifest @jridgewell/gen-mapping@^0.3.5
492 silly packumentCache full:https://registry.npmjs.org/@jridgewell%2fgen-mapping cache-miss
493 http cache https://registry.npmjs.org/@jridgewell%2fgen-mapping 1ms (cache hit)
494 silly packumentCache full:https://registry.npmjs.org/@jridgewell%2fgen-mapping set size:80719 disposed:false
495 silly fetch manifest @jridgewell/trace-mapping@^0.3.24
496 silly packumentCache full:https://registry.npmjs.org/@jridgewell%2ftrace-mapping cache-miss
497 http cache https://registry.npmjs.org/@jridgewell%2ftrace-mapping 1ms (cache hit)
498 silly packumentCache full:https://registry.npmjs.org/@jridgewell%2ftrace-mapping set size:170909 disposed:false
499 silly fetch manifest ms@^2.1.3
500 silly packumentCache full:https://registry.npmjs.org/ms cache-miss
501 http fetch GET 200 https://registry.npmjs.org/browserslist 116ms (cache miss)
502 silly packumentCache full:https://registry.npmjs.org/browserslist set size:undefined disposed:false
503 http fetch GET 200 https://registry.npmjs.org/@babel%2fcompat-data 112ms (cache miss)
504 silly packumentCache full:https://registry.npmjs.org/@babel%2fcompat-data set size:undefined disposed:false
505 http fetch GET 200 https://registry.npmjs.org/@babel%2fhelper-globals 171ms (cache miss)
506 silly packumentCache full:https://registry.npmjs.org/@babel%2fhelper-globals set size:undefined disposed:false
507 http fetch GET 200 https://registry.npmjs.org/@babel%2fhelper-module-imports 183ms (cache miss)
508 silly packumentCache full:https://registry.npmjs.org/@babel%2fhelper-module-imports set size:undefined disposed:false
509 http fetch GET 200 https://registry.npmjs.org/@babel%2fhelper-validator-option 200ms (cache miss)
510 silly packumentCache full:https://registry.npmjs.org/@babel%2fhelper-validator-option set size:undefined disposed:false
511 http fetch GET 200 https://registry.npmjs.org/@babel%2fhelper-string-parser 168ms (cache miss)
512 silly packumentCache full:https://registry.npmjs.org/@babel%2fhelper-string-parser set size:undefined disposed:false
513 http fetch GET 200 https://registry.npmjs.org/ms 159ms (cache miss)
514 silly packumentCache full:https://registry.npmjs.org/ms set size:undefined disposed:false
515 silly placeDep ROOT @babel/helper-validator-identifier@7.28.5 OK for: @babel/code-frame@7.29.0 want: ^7.28.5
516 silly placeDep ROOT js-tokens@4.0.0 OK for: @babel/code-frame@7.29.0 want: ^4.0.0
517 silly placeDep ROOT picocolors@1.1.1 OK for: @babel/code-frame@7.29.0 want: ^1.1.1
518 silly placeDep ROOT @jridgewell/gen-mapping@0.3.13 OK for: @babel/generator@7.29.1 want: ^0.3.12
519 silly placeDep ROOT @jridgewell/trace-mapping@0.3.31 OK for: @babel/generator@7.29.1 want: ^0.3.28
520 silly placeDep ROOT jsesc@3.1.0 OK for: @babel/generator@7.29.1 want: ^3.0.2
521 silly fetch manifest @jridgewell/sourcemap-codec@^1.5.0
522 silly packumentCache full:https://registry.npmjs.org/@jridgewell%2fsourcemap-codec cache-miss
523 silly fetch manifest @jridgewell/resolve-uri@^3.1.0
524 silly packumentCache full:https://registry.npmjs.org/@jridgewell%2fresolve-uri cache-miss
525 silly fetch manifest @jridgewell/sourcemap-codec@^1.4.14
526 silly packumentCache full:https://registry.npmjs.org/@jridgewell%2fsourcemap-codec cache-miss
527 http fetch GET 200 https://registry.npmjs.org/@jridgewell%2fsourcemap-codec 117ms (cache miss)
528 silly packumentCache full:https://registry.npmjs.org/@jridgewell%2fsourcemap-codec set size:undefined disposed:false
529 http fetch GET 200 https://registry.npmjs.org/@jridgewell%2fsourcemap-codec 124ms (cache miss)
530 silly packumentCache full:https://registry.npmjs.org/@jridgewell%2fsourcemap-codec set size:undefined disposed:false
531 http fetch GET 200 https://registry.npmjs.org/@jridgewell%2fresolve-uri 130ms (cache miss)
532 silly packumentCache full:https://registry.npmjs.org/@jridgewell%2fresolve-uri set size:undefined disposed:false
533 silly placeDep ROOT @babel/compat-data@7.29.0 OK for: @babel/helper-compilation-targets@7.28.6 want: ^7.28.6
534 silly placeDep ROOT @babel/helper-validator-option@7.27.1 OK for: @babel/helper-compilation-targets@7.28.6 want: ^7.27.1
535 silly placeDep ROOT browserslist@4.28.1 OK for: @babel/helper-compilation-targets@7.28.6 want: ^4.24.0
536 silly placeDep ROOT lru-cache@5.1.1 OK for: @babel/helper-compilation-targets@7.28.6 want: ^5.1.1
537 silly fetch manifest baseline-browser-mapping@^2.9.0
538 silly packumentCache full:https://registry.npmjs.org/baseline-browser-mapping cache-miss
539 silly fetch manifest caniuse-lite@^1.0.30001759
540 silly packumentCache full:https://registry.npmjs.org/caniuse-lite cache-miss
541 silly fetch manifest electron-to-chromium@^1.5.263
542 silly packumentCache full:https://registry.npmjs.org/electron-to-chromium cache-miss
543 silly fetch manifest node-releases@^2.0.27
544 silly packumentCache full:https://registry.npmjs.org/node-releases cache-miss
545 silly fetch manifest update-browserslist-db@^1.2.0
546 silly packumentCache full:https://registry.npmjs.org/update-browserslist-db cache-miss
547 silly fetch manifest yallist@^3.0.2
548 silly packumentCache full:https://registry.npmjs.org/yallist cache-miss
549 http fetch GET 200 https://registry.npmjs.org/yallist 88ms (cache miss)
550 silly packumentCache full:https://registry.npmjs.org/yallist set size:undefined disposed:false
551 http fetch GET 200 https://registry.npmjs.org/update-browserslist-db 116ms (cache miss)
552 silly packumentCache full:https://registry.npmjs.org/update-browserslist-db set size:undefined disposed:false
553 http fetch GET 200 https://registry.npmjs.org/baseline-browser-mapping 136ms (cache miss)
554 silly packumentCache full:https://registry.npmjs.org/baseline-browser-mapping set size:undefined disposed:false
555 http fetch GET 200 https://registry.npmjs.org/node-releases 141ms (cache miss)
556 silly packumentCache full:https://registry.npmjs.org/node-releases set size:undefined disposed:false
557 http fetch GET 200 https://registry.npmjs.org/caniuse-lite 146ms (cache miss)
558 silly packumentCache full:https://registry.npmjs.org/caniuse-lite set size:undefined disposed:false
559 http fetch GET 200 https://registry.npmjs.org/electron-to-chromium 671ms (cache miss)
560 silly packumentCache full:https://registry.npmjs.org/electron-to-chromium set size:undefined disposed:false
561 silly placeDep ROOT @babel/helper-module-imports@7.28.6 OK for: @babel/helper-module-transforms@7.28.6 want: ^7.28.6
562 silly placeDep ROOT @babel/helper-plugin-utils@7.28.6 OK for: @babel/plugin-transform-react-jsx-self@7.27.1 want: ^7.27.1
563 silly placeDep ROOT @babel/helper-globals@7.28.0 OK for: @babel/traverse@7.29.0 want: ^7.28.0
564 silly placeDep ROOT @babel/helper-string-parser@7.27.1 OK for: @babel/types@7.29.0 want: ^7.27.1
565 silly placeDep ROOT @jridgewell/sourcemap-codec@1.5.5 OK for: @jridgewell/gen-mapping@0.3.13 want: ^1.5.0
566 silly placeDep ROOT @jridgewell/resolve-uri@3.1.2 OK for: @jridgewell/trace-mapping@0.3.31 want: ^3.1.0
567 silly placeDep ROOT @types/babel__generator@7.27.0 OK for: @types/babel__core@7.20.5 want: *
568 silly placeDep ROOT @types/babel__template@7.4.4 OK for: @types/babel__core@7.20.5 want: *
569 silly placeDep ROOT @types/babel__traverse@7.28.0 OK for: @types/babel__core@7.20.5 want: *
570 silly fetch manifest browserslist@>= 4.21.0
571 silly packumentCache full:https://registry.npmjs.org/browserslist cache-miss
572 http cache https://registry.npmjs.org/browserslist 6ms (cache hit)
573 silly packumentCache full:https://registry.npmjs.org/browserslist set size:502989 disposed:false
574 silly placeDep ROOT baseline-browser-mapping@2.10.0 OK for: browserslist@4.28.1 want: ^2.9.0
575 silly placeDep ROOT caniuse-lite@1.0.30001774 OK for: browserslist@4.28.1 want: ^1.0.30001759
576 silly placeDep ROOT electron-to-chromium@1.5.302 OK for: browserslist@4.28.1 want: ^1.5.263
577 silly placeDep ROOT node-releases@2.0.27 OK for: browserslist@4.28.1 want: ^2.0.27
578 silly placeDep ROOT update-browserslist-db@1.2.3 OK for: browserslist@4.28.1 want: ^1.2.0
579 silly fetch manifest escalade@^3.2.0
580 silly packumentCache full:https://registry.npmjs.org/escalade cache-miss
581 http fetch GET 200 https://registry.npmjs.org/escalade 179ms (cache miss)
582 silly packumentCache full:https://registry.npmjs.org/escalade set size:undefined disposed:false
583 silly placeDep ROOT ms@2.1.3 OK for: debug@4.4.3 want: ^2.1.3
584 silly fetch manifest eslint@^6.0.0 || ^7.0.0 || >=8.0.0
585 silly packumentCache full:https://registry.npmjs.org/eslint cache-miss
586 http cache https://registry.npmjs.org/eslint 5ms (cache hit)
587 silly packumentCache full:https://registry.npmjs.org/eslint set size:1949507 disposed:false
588 silly placeDep ROOT @eslint-community/eslint-utils@4.9.1 OK for: eslint@9.39.3 want: ^4.8.0
589 silly placeDep ROOT @eslint-community/regexpp@4.12.2 OK for: eslint@9.39.3 want: ^4.12.1
590 silly placeDep ROOT @eslint/config-array@0.21.1 OK for: eslint@9.39.3 want: ^0.21.1
591 silly placeDep ROOT @eslint/config-helpers@0.4.2 OK for: eslint@9.39.3 want: ^0.4.2
592 silly placeDep ROOT @eslint/core@0.17.0 OK for: eslint@9.39.3 want: ^0.17.0
593 silly placeDep ROOT @eslint/eslintrc@3.3.4 OK for: eslint@9.39.3 want: ^3.3.1
594 silly placeDep ROOT @eslint/plugin-kit@0.4.1 OK for: eslint@9.39.3 want: ^0.4.1
595 silly placeDep ROOT @humanfs/node@0.16.7 OK for: eslint@9.39.3 want: ^0.16.6
596 silly placeDep ROOT @humanwhocodes/module-importer@1.0.1 OK for: eslint@9.39.3 want: ^1.0.1
597 silly placeDep ROOT @humanwhocodes/retry@0.4.3 OK for: eslint@9.39.3 want: ^0.4.2
598 silly placeDep ROOT @types/estree@1.0.8 OK for: eslint@9.39.3 want: ^1.0.6
599 silly placeDep ROOT ajv@6.14.0 OK for: eslint@9.39.3 want: ^6.12.4
600 silly placeDep ROOT chalk@4.1.2 OK for: eslint@9.39.3 want: ^4.0.0
601 silly placeDep ROOT cross-spawn@7.0.6 OK for: eslint@9.39.3 want: ^7.0.6
602 silly placeDep ROOT escape-string-regexp@4.0.0 OK for: eslint@9.39.3 want: ^4.0.0
603 silly placeDep ROOT eslint-scope@8.4.0 OK for: eslint@9.39.3 want: ^8.4.0
604 silly placeDep ROOT eslint-visitor-keys@4.2.1 OK for: eslint@9.39.3 want: ^4.2.1
605 silly placeDep ROOT espree@10.4.0 OK for: eslint@9.39.3 want: ^10.4.0
606 silly placeDep ROOT esquery@1.7.0 OK for: eslint@9.39.3 want: ^1.5.0
607 silly placeDep ROOT esutils@2.0.3 OK for: eslint@9.39.3 want: ^2.0.2
608 silly placeDep ROOT fast-deep-equal@3.1.3 OK for: eslint@9.39.3 want: ^3.1.3
609 silly placeDep ROOT file-entry-cache@8.0.0 OK for: eslint@9.39.3 want: ^8.0.0
610 silly placeDep ROOT find-up@5.0.0 OK for: eslint@9.39.3 want: ^5.0.0
611 silly placeDep ROOT glob-parent@6.0.2 OK for: eslint@9.39.3 want: ^6.0.2
612 silly placeDep ROOT ignore@5.3.2 OK for: eslint@9.39.3 want: ^5.2.0
613 silly placeDep ROOT imurmurhash@0.1.4 OK for: eslint@9.39.3 want: ^0.1.4
614 silly placeDep ROOT is-glob@4.0.3 OK for: eslint@9.39.3 want: ^4.0.0
615 silly placeDep ROOT json-stable-stringify-without-jsonify@1.0.1 OK for: eslint@9.39.3 want: ^1.0.1
616 silly placeDep ROOT lodash.merge@4.6.2 OK for: eslint@9.39.3 want: ^4.6.2
617 silly placeDep ROOT minimatch@3.1.4 OK for: eslint@9.39.3 want: ^3.1.2
618 silly placeDep ROOT natural-compare@1.4.0 OK for: eslint@9.39.3 want: ^1.4.0
619 silly placeDep ROOT optionator@0.9.4 OK for: eslint@9.39.3 want: ^0.9.3
620 silly fetch manifest eslint-visitor-keys@^3.4.3
621 silly packumentCache full:https://registry.npmjs.org/eslint-visitor-keys cache-miss
622 silly fetch manifest @eslint/object-schema@^2.1.7
623 silly packumentCache full:https://registry.npmjs.org/@eslint%2fobject-schema cache-miss
624 silly fetch manifest @types/json-schema@^7.0.15
625 silly packumentCache full:https://registry.npmjs.org/@types%2fjson-schema cache-miss
626 silly fetch manifest ajv@^6.14.0
627 silly packumentCache full:https://registry.npmjs.org/ajv cache-miss
628 silly fetch manifest espree@^10.0.1
629 silly packumentCache full:https://registry.npmjs.org/espree cache-miss
630 silly fetch manifest globals@^14.0.0
631 silly packumentCache full:https://registry.npmjs.org/globals cache-miss
632 silly fetch manifest import-fresh@^3.2.1
633 silly packumentCache full:https://registry.npmjs.org/import-fresh cache-miss
634 http cache https://registry.npmjs.org/eslint-visitor-keys 6ms (cache hit)
635 silly packumentCache full:https://registry.npmjs.org/eslint-visitor-keys set size:69949 disposed:false
636 silly fetch manifest js-yaml@^4.1.1
637 silly packumentCache full:https://registry.npmjs.org/js-yaml cache-miss
638 http cache https://registry.npmjs.org/espree 7ms (cache hit)
639 silly packumentCache full:https://registry.npmjs.org/espree set size:323320 disposed:false
640 silly fetch manifest minimatch@^3.1.3
641 silly packumentCache full:https://registry.npmjs.org/minimatch cache-miss
642 http cache https://registry.npmjs.org/globals 9ms (cache hit)
643 silly packumentCache full:https://registry.npmjs.org/globals set size:304921 disposed:false
644 silly fetch manifest strip-json-comments@^3.1.1
645 silly packumentCache full:https://registry.npmjs.org/strip-json-comments cache-miss
646 http cache https://registry.npmjs.org/ajv 14ms (cache hit)
647 silly packumentCache full:https://registry.npmjs.org/ajv set size:1120197 disposed:false
648 silly fetch manifest levn@^0.4.1
649 silly packumentCache full:https://registry.npmjs.org/levn cache-miss
650 http cache https://registry.npmjs.org/minimatch 15ms (cache hit)
651 silly packumentCache full:https://registry.npmjs.org/minimatch set size:331793 disposed:false
652 silly fetch manifest @humanwhocodes/retry@^0.4.0
653 silly packumentCache full:https://registry.npmjs.org/@humanwhocodes%2fretry cache-miss
654 http cache https://registry.npmjs.org/@humanwhocodes%2fretry 1ms (cache hit)
655 silly packumentCache full:https://registry.npmjs.org/@humanwhocodes%2fretry set size:42348 disposed:false
656 silly fetch manifest @humanfs/core@^0.19.1
657 silly packumentCache full:https://registry.npmjs.org/@humanfs%2fcore cache-miss
658 http fetch GET 200 https://registry.npmjs.org/@types%2fjson-schema 95ms (cache miss)
659 silly packumentCache full:https://registry.npmjs.org/@types%2fjson-schema set size:undefined disposed:false
660 silly fetch manifest fast-deep-equal@^3.1.1
661 silly packumentCache full:https://registry.npmjs.org/fast-deep-equal cache-miss
662 http cache https://registry.npmjs.org/fast-deep-equal 1ms (cache hit)
663 silly packumentCache full:https://registry.npmjs.org/fast-deep-equal set size:48634 disposed:false
664 silly fetch manifest fast-json-stable-stringify@^2.0.0
665 silly packumentCache full:https://registry.npmjs.org/fast-json-stable-stringify cache-miss
666 http fetch GET 200 https://registry.npmjs.org/@eslint%2fobject-schema 100ms (cache miss)
667 silly packumentCache full:https://registry.npmjs.org/@eslint%2fobject-schema set size:undefined disposed:false
668 silly fetch manifest json-schema-traverse@^0.4.1
669 silly packumentCache full:https://registry.npmjs.org/json-schema-traverse cache-miss
670 http fetch GET 200 https://registry.npmjs.org/import-fresh 114ms (cache miss)
671 silly packumentCache full:https://registry.npmjs.org/import-fresh set size:undefined disposed:false
672 silly fetch manifest uri-js@^4.2.2
673 silly packumentCache full:https://registry.npmjs.org/uri-js cache-miss
674 http fetch GET 200 https://registry.npmjs.org/@humanfs%2fcore 116ms (cache miss)
675 silly packumentCache full:https://registry.npmjs.org/@humanfs%2fcore set size:undefined disposed:false
676 silly fetch manifest ansi-styles@^4.1.0
677 silly packumentCache full:https://registry.npmjs.org/ansi-styles cache-miss
678 http fetch GET 200 https://registry.npmjs.org/js-yaml 139ms (cache miss)
679 silly packumentCache full:https://registry.npmjs.org/js-yaml set size:undefined disposed:false
680 silly fetch manifest supports-color@^7.1.0
681 silly packumentCache full:https://registry.npmjs.org/supports-color cache-miss
682 http fetch GET 200 https://registry.npmjs.org/strip-json-comments 135ms (cache miss)
683 silly packumentCache full:https://registry.npmjs.org/strip-json-comments set size:undefined disposed:false
684 silly fetch manifest which@^2.0.1
685 silly packumentCache full:https://registry.npmjs.org/which cache-miss
686 http fetch GET 200 https://registry.npmjs.org/levn 129ms (cache miss)
687 silly packumentCache full:https://registry.npmjs.org/levn set size:undefined disposed:false
688 silly fetch manifest path-key@^3.1.0
689 silly packumentCache full:https://registry.npmjs.org/path-key cache-miss
690 http fetch GET 200 https://registry.npmjs.org/json-schema-traverse 78ms (cache miss)
691 silly packumentCache full:https://registry.npmjs.org/json-schema-traverse set size:undefined disposed:false
692 silly fetch manifest shebang-command@^2.0.0
693 silly packumentCache full:https://registry.npmjs.org/shebang-command cache-miss
694 http fetch GET 200 https://registry.npmjs.org/fast-json-stable-stringify 82ms (cache miss)
695 silly packumentCache full:https://registry.npmjs.org/fast-json-stable-stringify set size:undefined disposed:false
696 silly fetch manifest esrecurse@^4.3.0
697 silly packumentCache full:https://registry.npmjs.org/esrecurse cache-miss
698 http fetch GET 200 https://registry.npmjs.org/uri-js 99ms (cache miss)
699 silly packumentCache full:https://registry.npmjs.org/uri-js set size:undefined disposed:false
700 silly fetch manifest estraverse@^5.2.0
701 silly packumentCache full:https://registry.npmjs.org/estraverse cache-miss
702 http fetch GET 200 https://registry.npmjs.org/supports-color 120ms (cache miss)
703 silly packumentCache full:https://registry.npmjs.org/supports-color set size:undefined disposed:false
704 silly fetch manifest acorn@^8.15.0
705 silly packumentCache full:https://registry.npmjs.org/acorn cache-miss
706 http fetch GET 200 https://registry.npmjs.org/path-key 126ms (cache miss)
707 silly packumentCache full:https://registry.npmjs.org/path-key set size:undefined disposed:false
708 silly fetch manifest acorn-jsx@^5.3.2
709 silly packumentCache full:https://registry.npmjs.org/acorn-jsx cache-miss
710 http fetch GET 200 https://registry.npmjs.org/shebang-command 98ms (cache miss)
711 silly packumentCache full:https://registry.npmjs.org/shebang-command set size:undefined disposed:false
712 silly fetch manifest estraverse@^5.1.0
713 silly packumentCache full:https://registry.npmjs.org/estraverse cache-miss
714 http fetch GET 200 https://registry.npmjs.org/esrecurse 99ms (cache miss)
715 silly packumentCache full:https://registry.npmjs.org/esrecurse set size:undefined disposed:false
716 silly fetch manifest flat-cache@^4.0.0
717 silly packumentCache full:https://registry.npmjs.org/flat-cache cache-miss
718 http fetch GET 200 https://registry.npmjs.org/which 139ms (cache miss)
719 silly packumentCache full:https://registry.npmjs.org/which set size:undefined disposed:false
720 silly fetch manifest locate-path@^6.0.0
721 silly packumentCache full:https://registry.npmjs.org/locate-path cache-miss
722 http fetch GET 200 https://registry.npmjs.org/ansi-styles 152ms (cache miss)
723 silly packumentCache full:https://registry.npmjs.org/ansi-styles set size:undefined disposed:false
724 silly fetch manifest path-exists@^4.0.0
725 silly packumentCache full:https://registry.npmjs.org/path-exists cache-miss
726 http fetch GET 200 https://registry.npmjs.org/estraverse 117ms (cache miss)
727 silly packumentCache full:https://registry.npmjs.org/estraverse set size:undefined disposed:false
728 silly fetch manifest is-glob@^4.0.3
729 silly packumentCache full:https://registry.npmjs.org/is-glob cache-miss
730 http cache https://registry.npmjs.org/is-glob 1ms (cache hit)
731 silly packumentCache full:https://registry.npmjs.org/is-glob set size:40530 disposed:false
732 silly fetch manifest is-extglob@^2.1.1
733 silly packumentCache full:https://registry.npmjs.org/is-extglob cache-miss
734 http fetch GET 200 https://registry.npmjs.org/estraverse 66ms (cache miss)
735 silly packumentCache full:https://registry.npmjs.org/estraverse set size:undefined disposed:false
736 silly fetch manifest brace-expansion@^1.1.7
737 silly packumentCache full:https://registry.npmjs.org/brace-expansion cache-miss
738 http fetch GET 200 https://registry.npmjs.org/acorn-jsx 86ms (cache miss)
739 silly packumentCache full:https://registry.npmjs.org/acorn-jsx set size:undefined disposed:false
740 silly fetch manifest prelude-ls@^1.2.1
741 silly packumentCache full:https://registry.npmjs.org/prelude-ls cache-miss
742 http fetch GET 200 https://registry.npmjs.org/flat-cache 86ms (cache miss)
743 silly packumentCache full:https://registry.npmjs.org/flat-cache set size:undefined disposed:false
744 silly fetch manifest deep-is@^0.1.3
745 silly packumentCache full:https://registry.npmjs.org/deep-is cache-miss
746 http fetch GET 200 https://registry.npmjs.org/acorn 109ms (cache miss)
747 silly packumentCache full:https://registry.npmjs.org/acorn set size:undefined disposed:false
748 silly fetch manifest word-wrap@^1.2.5
749 silly packumentCache full:https://registry.npmjs.org/word-wrap cache-miss
750 http fetch GET 200 https://registry.npmjs.org/locate-path 97ms (cache miss)
751 silly packumentCache full:https://registry.npmjs.org/locate-path set size:undefined disposed:false
752 silly fetch manifest type-check@^0.4.0
753 silly packumentCache full:https://registry.npmjs.org/type-check cache-miss
754 http fetch GET 200 https://registry.npmjs.org/path-exists 183ms (cache miss)
755 silly packumentCache full:https://registry.npmjs.org/path-exists set size:undefined disposed:false
756 silly fetch manifest fast-levenshtein@^2.0.6
757 silly packumentCache full:https://registry.npmjs.org/fast-levenshtein cache-miss
758 http fetch GET 200 https://registry.npmjs.org/prelude-ls 118ms (cache miss)
759 silly packumentCache full:https://registry.npmjs.org/prelude-ls set size:undefined disposed:false
760 http fetch GET 200 https://registry.npmjs.org/deep-is 116ms (cache miss)
761 silly packumentCache full:https://registry.npmjs.org/deep-is set size:undefined disposed:false
762 http fetch GET 200 https://registry.npmjs.org/is-extglob 147ms (cache miss)
763 silly packumentCache full:https://registry.npmjs.org/is-extglob set size:undefined disposed:false
764 http fetch GET 200 https://registry.npmjs.org/brace-expansion 139ms (cache miss)
765 silly packumentCache full:https://registry.npmjs.org/brace-expansion set size:undefined disposed:false
766 http fetch GET 200 https://registry.npmjs.org/word-wrap 108ms (cache miss)
767 silly packumentCache full:https://registry.npmjs.org/word-wrap set size:undefined disposed:false
768 http fetch GET 200 https://registry.npmjs.org/type-check 276ms (cache miss)
769 silly packumentCache full:https://registry.npmjs.org/type-check set size:undefined disposed:false
770 http fetch GET 200 https://registry.npmjs.org/fast-levenshtein 196ms (cache miss)
771 silly packumentCache full:https://registry.npmjs.org/fast-levenshtein set size:undefined disposed:false
772 silly placeDep node_modules/@eslint-community/eslint-utils eslint-visitor-keys@3.4.3 OK for: @eslint-community/eslint-utils@4.9.1 want: ^3.4.3
773 silly placeDep ROOT @eslint/object-schema@2.1.7 OK for: @eslint/config-array@0.21.1 want: ^2.1.7
774 silly placeDep ROOT @types/json-schema@7.0.15 OK for: @eslint/core@0.17.0 want: ^7.0.15
775 silly placeDep node_modules/@eslint/eslintrc globals@14.0.0 OK for: @eslint/eslintrc@3.3.4 want: ^14.0.0
776 silly placeDep ROOT import-fresh@3.3.1 OK for: @eslint/eslintrc@3.3.4 want: ^3.2.1
777 silly placeDep ROOT js-yaml@4.1.1 OK for: @eslint/eslintrc@3.3.4 want: ^4.1.1
778 silly placeDep ROOT strip-json-comments@3.1.1 OK for: @eslint/eslintrc@3.3.4 want: ^3.1.1
779 silly fetch manifest resolve-from@^4.0.0
780 silly packumentCache full:https://registry.npmjs.org/resolve-from cache-miss
781 silly fetch manifest parent-module@^1.0.0
782 silly packumentCache full:https://registry.npmjs.org/parent-module cache-miss
783 silly fetch manifest argparse@^2.0.1
784 silly packumentCache full:https://registry.npmjs.org/argparse cache-miss
785 http fetch GET 200 https://registry.npmjs.org/resolve-from 85ms (cache miss)
786 silly packumentCache full:https://registry.npmjs.org/resolve-from set size:undefined disposed:false
787 http fetch GET 200 https://registry.npmjs.org/argparse 90ms (cache miss)
788 silly packumentCache full:https://registry.npmjs.org/argparse set size:undefined disposed:false
789 http fetch GET 200 https://registry.npmjs.org/parent-module 93ms (cache miss)
790 silly packumentCache full:https://registry.npmjs.org/parent-module set size:undefined disposed:false
791 silly placeDep ROOT levn@0.4.1 OK for: @eslint/plugin-kit@0.4.1 want: ^0.4.1
792 silly fetch manifest type-check@~0.4.0
793 silly packumentCache full:https://registry.npmjs.org/type-check cache-miss
794 http cache https://registry.npmjs.org/type-check 1ms (cache hit)
795 silly packumentCache full:https://registry.npmjs.org/type-check set size:21221 disposed:false
796 silly placeDep ROOT @humanfs/core@0.19.1 OK for: @humanfs/node@0.16.7 want: ^0.19.1
797 silly placeDep ROOT fast-json-stable-stringify@2.1.0 OK for: ajv@6.14.0 want: ^2.0.0
798 silly placeDep ROOT json-schema-traverse@0.4.1 OK for: ajv@6.14.0 want: ^0.4.1
799 silly placeDep ROOT uri-js@4.4.1 OK for: ajv@6.14.0 want: ^4.2.2
800 silly fetch manifest punycode@^2.1.0
801 silly packumentCache full:https://registry.npmjs.org/punycode cache-miss
802 http fetch GET 200 https://registry.npmjs.org/punycode 122ms (cache miss)
803 silly packumentCache full:https://registry.npmjs.org/punycode set size:undefined disposed:false
804 silly placeDep ROOT ansi-styles@4.3.0 OK for: chalk@4.1.2 want: ^4.1.0
805 silly placeDep ROOT supports-color@7.2.0 OK for: chalk@4.1.2 want: ^7.1.0
806 silly fetch manifest color-convert@^2.0.1
807 silly packumentCache full:https://registry.npmjs.org/color-convert cache-miss
808 silly fetch manifest has-flag@^4.0.0
809 silly packumentCache full:https://registry.npmjs.org/has-flag cache-miss
810 http fetch GET 200 https://registry.npmjs.org/has-flag 249ms (cache miss)
811 silly packumentCache full:https://registry.npmjs.org/has-flag set size:undefined disposed:false
812 http fetch GET 200 https://registry.npmjs.org/color-convert 250ms (cache miss)
813 silly packumentCache full:https://registry.npmjs.org/color-convert set size:undefined disposed:false
814 silly placeDep ROOT color-convert@2.0.1 OK for: ansi-styles@4.3.0 want: ^2.0.1
815 silly fetch manifest color-name@~1.1.4
816 silly packumentCache full:https://registry.npmjs.org/color-name cache-miss
817 http fetch GET 200 https://registry.npmjs.org/color-name 121ms (cache miss)
818 silly packumentCache full:https://registry.npmjs.org/color-name set size:undefined disposed:false
819 silly placeDep ROOT color-name@1.1.4 OK for: color-convert@2.0.1 want: ~1.1.4
820 silly placeDep ROOT path-key@3.1.1 OK for: cross-spawn@7.0.6 want: ^3.1.0
821 silly placeDep ROOT shebang-command@2.0.0 OK for: cross-spawn@7.0.6 want: ^2.0.0
822 silly placeDep ROOT which@2.0.2 OK for: cross-spawn@7.0.6 want: ^2.0.1
823 silly fetch manifest shebang-regex@^3.0.0
824 silly packumentCache full:https://registry.npmjs.org/shebang-regex cache-miss
825 silly fetch manifest isexe@^2.0.0
826 silly packumentCache full:https://registry.npmjs.org/isexe cache-miss
827 http fetch GET 200 https://registry.npmjs.org/shebang-regex 79ms (cache miss)
828 silly packumentCache full:https://registry.npmjs.org/shebang-regex set size:undefined disposed:false
829 http fetch GET 200 https://registry.npmjs.org/isexe 84ms (cache miss)
830 silly packumentCache full:https://registry.npmjs.org/isexe set size:undefined disposed:false
831 silly placeDep ROOT hermes-parser@0.25.1 OK for: eslint-plugin-react-hooks@7.0.1 want: ^0.25.1
832 silly placeDep ROOT zod@4.3.6 OK for: eslint-plugin-react-hooks@7.0.1 want: ^3.25.0 || ^4.0.0
833 silly placeDep ROOT zod-validation-error@4.0.2 OK for: eslint-plugin-react-hooks@7.0.1 want: ^3.5.0 || ^4.0.0
834 silly fetch manifest hermes-estree@0.25.1
835 silly packumentCache full:https://registry.npmjs.org/hermes-estree cache-miss
836 http fetch GET 200 https://registry.npmjs.org/hermes-estree 145ms (cache miss)
837 silly packumentCache full:https://registry.npmjs.org/hermes-estree set size:undefined disposed:false
838 silly placeDep ROOT esrecurse@4.3.0 OK for: eslint-scope@8.4.0 want: ^4.3.0
839 silly placeDep ROOT estraverse@5.3.0 OK for: eslint-scope@8.4.0 want: ^5.2.0
840 silly placeDep ROOT acorn@8.16.0 OK for: espree@10.4.0 want: ^8.15.0
841 silly placeDep ROOT acorn-jsx@5.3.2 OK for: espree@10.4.0 want: ^5.3.2
842 silly placeDep ROOT flat-cache@4.0.1 OK for: file-entry-cache@8.0.0 want: ^4.0.0
843 silly fetch manifest keyv@^4.5.4
844 silly packumentCache full:https://registry.npmjs.org/keyv cache-miss
845 silly fetch manifest flatted@^3.2.9
846 silly packumentCache full:https://registry.npmjs.org/flatted cache-miss
847 http fetch GET 200 https://registry.npmjs.org/flatted 143ms (cache miss)
848 silly packumentCache full:https://registry.npmjs.org/flatted set size:undefined disposed:false
849 http fetch GET 200 https://registry.npmjs.org/keyv 256ms (cache miss)
850 silly packumentCache full:https://registry.npmjs.org/keyv set size:undefined disposed:false
851 silly placeDep ROOT locate-path@6.0.0 OK for: find-up@5.0.0 want: ^6.0.0
852 silly placeDep ROOT path-exists@4.0.0 OK for: find-up@5.0.0 want: ^4.0.0
853 silly fetch manifest p-locate@^5.0.0
854 silly packumentCache full:https://registry.npmjs.org/p-locate cache-miss
855 http fetch GET 200 https://registry.npmjs.org/p-locate 107ms (cache miss)
856 silly packumentCache full:https://registry.npmjs.org/p-locate set size:undefined disposed:false
857 silly placeDep ROOT flatted@3.3.3 OK for: flat-cache@4.0.1 want: ^3.2.9
858 silly placeDep ROOT keyv@4.5.4 OK for: flat-cache@4.0.1 want: ^4.5.4
859 silly fetch manifest json-buffer@3.0.1
860 silly packumentCache full:https://registry.npmjs.org/json-buffer cache-miss
861 http fetch GET 200 https://registry.npmjs.org/json-buffer 156ms (cache miss)
862 silly packumentCache full:https://registry.npmjs.org/json-buffer set size:undefined disposed:false
863 silly placeDep ROOT hermes-estree@0.25.1 OK for: hermes-parser@0.25.1 want: 0.25.1
864 silly placeDep ROOT parent-module@1.0.1 OK for: import-fresh@3.3.1 want: ^1.0.0
865 silly placeDep ROOT resolve-from@4.0.0 OK for: import-fresh@3.3.1 want: ^4.0.0
866 silly fetch manifest callsites@^3.0.0
867 silly packumentCache full:https://registry.npmjs.org/callsites cache-miss
868 http fetch GET 200 https://registry.npmjs.org/callsites 84ms (cache miss)
869 silly packumentCache full:https://registry.npmjs.org/callsites set size:undefined disposed:false
870 silly placeDep ROOT is-extglob@2.1.1 OK for: is-glob@4.0.3 want: ^2.1.1
871 silly placeDep ROOT argparse@2.0.1 OK for: js-yaml@4.1.1 want: ^2.0.1
872 silly placeDep ROOT json-buffer@3.0.1 OK for: keyv@4.5.4 want: 3.0.1
873 silly placeDep ROOT prelude-ls@1.2.1 OK for: levn@0.4.1 want: ^1.2.1
874 silly placeDep ROOT type-check@0.4.0 OK for: levn@0.4.1 want: ~0.4.0
875 silly placeDep ROOT p-locate@5.0.0 OK for: locate-path@6.0.0 want: ^5.0.0
876 silly fetch manifest p-limit@^3.0.2
877 silly packumentCache full:https://registry.npmjs.org/p-limit cache-miss
878 http fetch GET 200 https://registry.npmjs.org/p-limit 104ms (cache miss)
879 silly packumentCache full:https://registry.npmjs.org/p-limit set size:undefined disposed:false
880 silly placeDep ROOT yallist@3.1.1 OK for: lru-cache@5.1.1 want: ^3.0.2
881 silly placeDep ROOT brace-expansion@1.1.12 OK for: minimatch@3.1.4 want: ^1.1.7
882 silly fetch manifest concat-map@0.0.1
883 silly packumentCache full:https://registry.npmjs.org/concat-map cache-miss
884 silly fetch manifest balanced-match@^1.0.0
885 silly packumentCache full:https://registry.npmjs.org/balanced-match cache-miss
886 http fetch GET 200 https://registry.npmjs.org/balanced-match 101ms (cache miss)
887 silly packumentCache full:https://registry.npmjs.org/balanced-match set size:undefined disposed:false
888 http fetch GET 200 https://registry.npmjs.org/concat-map 124ms (cache miss)
889 silly packumentCache full:https://registry.npmjs.org/concat-map set size:undefined disposed:false
890 silly placeDep ROOT balanced-match@1.0.2 OK for: brace-expansion@1.1.12 want: ^1.0.0
891 silly placeDep ROOT concat-map@0.0.1 OK for: brace-expansion@1.1.12 want: 0.0.1
892 silly placeDep ROOT deep-is@0.1.4 OK for: optionator@0.9.4 want: ^0.1.3
893 silly placeDep ROOT fast-levenshtein@2.0.6 OK for: optionator@0.9.4 want: ^2.0.6
894 silly placeDep ROOT word-wrap@1.2.5 OK for: optionator@0.9.4 want: ^1.2.5
895 silly placeDep ROOT p-limit@3.1.0 OK for: p-locate@5.0.0 want: ^3.0.2
896 silly fetch manifest yocto-queue@^0.1.0
897 silly packumentCache full:https://registry.npmjs.org/yocto-queue cache-miss
898 http fetch GET 200 https://registry.npmjs.org/yocto-queue 186ms (cache miss)
899 silly packumentCache full:https://registry.npmjs.org/yocto-queue set size:undefined disposed:false
900 silly placeDep ROOT yocto-queue@0.1.0 OK for: p-limit@3.1.0 want: ^0.1.0
901 silly placeDep ROOT callsites@3.1.0 OK for: parent-module@1.0.1 want: ^3.0.0
902 silly placeDep ROOT scheduler@0.27.0 OK for: react-dom@19.2.4 want: ^0.27.0
903 silly placeDep ROOT shebang-regex@3.0.0 OK for: shebang-command@2.0.0 want: ^3.0.0
904 silly placeDep ROOT has-flag@4.0.0 OK for: supports-color@7.2.0 want: ^4.0.0
905 silly placeDep ROOT escalade@3.2.0 OK for: update-browserslist-db@1.2.3 want: ^3.2.0
906 silly placeDep ROOT punycode@2.3.1 OK for: uri-js@4.4.1 want: ^2.1.0
907 silly placeDep ROOT esbuild@0.27.3 OK for: vite@7.3.1 want: ^0.27.0
908 silly placeDep ROOT fdir@6.5.0 OK for: vite@7.3.1 want: ^6.5.0
909 silly placeDep ROOT fsevents@2.3.3 OK for: vite@7.3.1 want: ~2.3.3
910 silly placeDep ROOT picomatch@4.0.3 OK for: vite@7.3.1 want: ^4.0.3
911 silly placeDep ROOT postcss@8.5.6 OK for: vite@7.3.1 want: ^8.5.6
912 silly placeDep ROOT rollup@4.59.0 OK for: vite@7.3.1 want: ^4.43.0
913 silly placeDep ROOT tinyglobby@0.2.15 OK for: vite@7.3.1 want: ^0.2.15
914 silly fetch manifest @esbuild/aix-ppc64@0.27.3
915 silly packumentCache full:https://registry.npmjs.org/@esbuild%2faix-ppc64 cache-miss
916 silly fetch manifest @esbuild/android-arm@0.27.3
917 silly packumentCache full:https://registry.npmjs.org/@esbuild%2fandroid-arm cache-miss
918 silly fetch manifest @esbuild/android-arm64@0.27.3
919 silly packumentCache full:https://registry.npmjs.org/@esbuild%2fandroid-arm64 cache-miss
920 silly fetch manifest @esbuild/android-x64@0.27.3
921 silly packumentCache full:https://registry.npmjs.org/@esbuild%2fandroid-x64 cache-miss
922 silly fetch manifest @esbuild/darwin-arm64@0.27.3
923 silly packumentCache full:https://registry.npmjs.org/@esbuild%2fdarwin-arm64 cache-miss
924 silly fetch manifest @esbuild/darwin-x64@0.27.3
925 silly packumentCache full:https://registry.npmjs.org/@esbuild%2fdarwin-x64 cache-miss
926 silly fetch manifest @esbuild/freebsd-arm64@0.27.3
927 silly packumentCache full:https://registry.npmjs.org/@esbuild%2ffreebsd-arm64 cache-miss
928 http fetch GET 200 https://registry.npmjs.org/@esbuild%2fandroid-x64 115ms (cache miss)
929 silly packumentCache full:https://registry.npmjs.org/@esbuild%2fandroid-x64 set size:undefined disposed:false
930 silly fetch manifest @esbuild/freebsd-x64@0.27.3
931 silly packumentCache full:https://registry.npmjs.org/@esbuild%2ffreebsd-x64 cache-miss
932 http fetch GET 200 https://registry.npmjs.org/@esbuild%2fandroid-arm 123ms (cache miss)
933 silly packumentCache full:https://registry.npmjs.org/@esbuild%2fandroid-arm set size:undefined disposed:false
934 silly fetch manifest @esbuild/linux-arm@0.27.3
935 silly packumentCache full:https://registry.npmjs.org/@esbuild%2flinux-arm cache-miss
936 http fetch GET 200 https://registry.npmjs.org/@esbuild%2faix-ppc64 141ms (cache miss)
937 silly packumentCache full:https://registry.npmjs.org/@esbuild%2faix-ppc64 set size:undefined disposed:false
938 silly fetch manifest @esbuild/linux-arm64@0.27.3
939 silly packumentCache full:https://registry.npmjs.org/@esbuild%2flinux-arm64 cache-miss
940 http fetch GET 200 https://registry.npmjs.org/@esbuild%2fdarwin-x64 145ms (cache miss)
941 silly packumentCache full:https://registry.npmjs.org/@esbuild%2fdarwin-x64 set size:undefined disposed:false
942 silly fetch manifest @esbuild/linux-ia32@0.27.3
943 silly packumentCache full:https://registry.npmjs.org/@esbuild%2flinux-ia32 cache-miss
944 http fetch GET 200 https://registry.npmjs.org/@esbuild%2fdarwin-arm64 152ms (cache miss)
945 silly packumentCache full:https://registry.npmjs.org/@esbuild%2fdarwin-arm64 set size:undefined disposed:false
946 silly fetch manifest @esbuild/linux-loong64@0.27.3
947 silly packumentCache full:https://registry.npmjs.org/@esbuild%2flinux-loong64 cache-miss
948 http fetch GET 200 https://registry.npmjs.org/@esbuild%2ffreebsd-arm64 160ms (cache miss)
949 silly packumentCache full:https://registry.npmjs.org/@esbuild%2ffreebsd-arm64 set size:undefined disposed:false
950 silly fetch manifest @esbuild/linux-mips64el@0.27.3
951 silly packumentCache full:https://registry.npmjs.org/@esbuild%2flinux-mips64el cache-miss
952 http fetch GET 200 https://registry.npmjs.org/@esbuild%2ffreebsd-x64 100ms (cache miss)
953 silly packumentCache full:https://registry.npmjs.org/@esbuild%2ffreebsd-x64 set size:undefined disposed:false
954 silly fetch manifest @esbuild/linux-ppc64@0.27.3
955 silly packumentCache full:https://registry.npmjs.org/@esbuild%2flinux-ppc64 cache-miss
956 http fetch GET 200 https://registry.npmjs.org/@esbuild%2flinux-arm 124ms (cache miss)
957 silly packumentCache full:https://registry.npmjs.org/@esbuild%2flinux-arm set size:undefined disposed:false
958 silly fetch manifest @esbuild/linux-riscv64@0.27.3
959 silly packumentCache full:https://registry.npmjs.org/@esbuild%2flinux-riscv64 cache-miss
960 http fetch GET 200 https://registry.npmjs.org/@esbuild%2flinux-arm64 133ms (cache miss)
961 silly packumentCache full:https://registry.npmjs.org/@esbuild%2flinux-arm64 set size:undefined disposed:false
962 silly fetch manifest @esbuild/linux-s390x@0.27.3
963 silly packumentCache full:https://registry.npmjs.org/@esbuild%2flinux-s390x cache-miss
964 http fetch GET 200 https://registry.npmjs.org/@esbuild%2flinux-ia32 138ms (cache miss)
965 silly packumentCache full:https://registry.npmjs.org/@esbuild%2flinux-ia32 set size:undefined disposed:false
966 silly fetch manifest @esbuild/linux-x64@0.27.3
967 silly packumentCache full:https://registry.npmjs.org/@esbuild%2flinux-x64 cache-miss
968 http fetch GET 200 https://registry.npmjs.org/@esbuild%2flinux-mips64el 163ms (cache miss)
969 silly packumentCache full:https://registry.npmjs.org/@esbuild%2flinux-mips64el set size:undefined disposed:false
970 silly fetch manifest @esbuild/netbsd-arm64@0.27.3
971 silly packumentCache full:https://registry.npmjs.org/@esbuild%2fnetbsd-arm64 cache-miss
972 http fetch GET 200 https://registry.npmjs.org/@esbuild%2flinux-loong64 174ms (cache miss)
973 silly packumentCache full:https://registry.npmjs.org/@esbuild%2flinux-loong64 set size:undefined disposed:false
974 silly fetch manifest @esbuild/netbsd-x64@0.27.3
975 silly packumentCache full:https://registry.npmjs.org/@esbuild%2fnetbsd-x64 cache-miss
976 http fetch GET 200 https://registry.npmjs.org/@esbuild%2flinux-ppc64 123ms (cache miss)
977 silly packumentCache full:https://registry.npmjs.org/@esbuild%2flinux-ppc64 set size:undefined disposed:false
978 silly fetch manifest @esbuild/openbsd-arm64@0.27.3
979 silly packumentCache full:https://registry.npmjs.org/@esbuild%2fopenbsd-arm64 cache-miss
980 http fetch GET 200 https://registry.npmjs.org/@esbuild%2flinux-riscv64 129ms (cache miss)
981 silly packumentCache full:https://registry.npmjs.org/@esbuild%2flinux-riscv64 set size:undefined disposed:false
982 silly fetch manifest @esbuild/openbsd-x64@0.27.3
983 silly packumentCache full:https://registry.npmjs.org/@esbuild%2fopenbsd-x64 cache-miss
984 http fetch GET 200 https://registry.npmjs.org/@esbuild%2fandroid-arm64 393ms (cache miss)
985 silly packumentCache full:https://registry.npmjs.org/@esbuild%2fandroid-arm64 set size:undefined disposed:false
986 silly fetch manifest @esbuild/openharmony-arm64@0.27.3
987 silly packumentCache full:https://registry.npmjs.org/@esbuild%2fopenharmony-arm64 cache-miss
988 http fetch GET 200 https://registry.npmjs.org/@esbuild%2flinux-s390x 128ms (cache miss)
989 silly packumentCache full:https://registry.npmjs.org/@esbuild%2flinux-s390x set size:undefined disposed:false
990 silly fetch manifest @esbuild/sunos-x64@0.27.3
991 silly packumentCache full:https://registry.npmjs.org/@esbuild%2fsunos-x64 cache-miss
992 http fetch GET 200 https://registry.npmjs.org/@esbuild%2fopenbsd-arm64 183ms (cache miss)
993 silly packumentCache full:https://registry.npmjs.org/@esbuild%2fopenbsd-arm64 set size:undefined disposed:false
994 silly fetch manifest @esbuild/win32-arm64@0.27.3
995 silly packumentCache full:https://registry.npmjs.org/@esbuild%2fwin32-arm64 cache-miss
996 http fetch GET 200 https://registry.npmjs.org/@esbuild%2fopenharmony-arm64 134ms (cache miss)
997 silly packumentCache full:https://registry.npmjs.org/@esbuild%2fopenharmony-arm64 set size:undefined disposed:false
998 silly fetch manifest @esbuild/win32-ia32@0.27.3
999 silly packumentCache full:https://registry.npmjs.org/@esbuild%2fwin32-ia32 cache-miss
1000 http fetch GET 200 https://registry.npmjs.org/@esbuild%2fnetbsd-arm64 205ms (cache miss)
1001 silly packumentCache full:https://registry.npmjs.org/@esbuild%2fnetbsd-arm64 set size:undefined disposed:false
1002 silly fetch manifest @esbuild/win32-x64@0.27.3
1003 silly packumentCache full:https://registry.npmjs.org/@esbuild%2fwin32-x64 cache-miss
1004 http fetch GET 200 https://registry.npmjs.org/@esbuild%2flinux-x64 245ms (cache miss)
1005 silly packumentCache full:https://registry.npmjs.org/@esbuild%2flinux-x64 set size:undefined disposed:false
1006 silly fetch manifest nanoid@^3.3.11
1007 silly packumentCache full:https://registry.npmjs.org/nanoid cache-miss
1008 http fetch GET 200 https://registry.npmjs.org/@esbuild%2fnetbsd-x64 206ms (cache miss)
1009 silly packumentCache full:https://registry.npmjs.org/@esbuild%2fnetbsd-x64 set size:undefined disposed:false
1010 silly fetch manifest source-map-js@^1.2.1
1011 silly packumentCache full:https://registry.npmjs.org/source-map-js cache-miss
1012 http fetch GET 200 https://registry.npmjs.org/@esbuild%2fsunos-x64 139ms (cache miss)
1013 silly packumentCache full:https://registry.npmjs.org/@esbuild%2fsunos-x64 set size:undefined disposed:false
1014 silly fetch manifest @rollup/rollup-darwin-arm64@4.59.0
1015 silly packumentCache full:https://registry.npmjs.org/@rollup%2frollup-darwin-arm64 cache-miss
1016 http fetch GET 200 https://registry.npmjs.org/@esbuild%2fopenbsd-x64 164ms (cache miss)
1017 silly packumentCache full:https://registry.npmjs.org/@esbuild%2fopenbsd-x64 set size:undefined disposed:false
1018 silly fetch manifest @rollup/rollup-android-arm64@4.59.0
1019 silly packumentCache full:https://registry.npmjs.org/@rollup%2frollup-android-arm64 cache-miss
1020 http fetch GET 200 https://registry.npmjs.org/source-map-js 100ms (cache miss)
1021 silly packumentCache full:https://registry.npmjs.org/source-map-js set size:undefined disposed:false
1022 silly fetch manifest @rollup/rollup-win32-arm64-msvc@4.59.0
1023 silly packumentCache full:https://registry.npmjs.org/@rollup%2frollup-win32-arm64-msvc cache-miss
1024 http fetch GET 200 https://registry.npmjs.org/@esbuild%2fwin32-ia32 124ms (cache miss)
1025 silly packumentCache full:https://registry.npmjs.org/@esbuild%2fwin32-ia32 set size:undefined disposed:false
1026 silly fetch manifest @rollup/rollup-freebsd-arm64@4.59.0
1027 silly packumentCache full:https://registry.npmjs.org/@rollup%2frollup-freebsd-arm64 cache-miss
1028 http fetch GET 200 https://registry.npmjs.org/@rollup%2frollup-android-arm64 136ms (cache miss)
1029 silly packumentCache full:https://registry.npmjs.org/@rollup%2frollup-android-arm64 set size:undefined disposed:false
1030 silly fetch manifest @rollup/rollup-linux-arm64-gnu@4.59.0
1031 silly packumentCache full:https://registry.npmjs.org/@rollup%2frollup-linux-arm64-gnu cache-miss
1032 http fetch GET 200 https://registry.npmjs.org/@esbuild%2fwin32-arm64 158ms (cache miss)
1033 silly packumentCache full:https://registry.npmjs.org/@esbuild%2fwin32-arm64 set size:undefined disposed:false
1034 silly fetch manifest @rollup/rollup-linux-arm64-musl@4.59.0
1035 silly packumentCache full:https://registry.npmjs.org/@rollup%2frollup-linux-arm64-musl cache-miss
1036 http fetch GET 200 https://registry.npmjs.org/@rollup%2frollup-darwin-arm64 144ms (cache miss)
1037 silly packumentCache full:https://registry.npmjs.org/@rollup%2frollup-darwin-arm64 set size:undefined disposed:false
1038 silly fetch manifest @rollup/rollup-android-arm-eabi@4.59.0
1039 silly packumentCache full:https://registry.npmjs.org/@rollup%2frollup-android-arm-eabi cache-miss
1040 http fetch GET 200 https://registry.npmjs.org/nanoid 161ms (cache miss)
1041 silly packumentCache full:https://registry.npmjs.org/nanoid set size:undefined disposed:false
1042 silly fetch manifest @rollup/rollup-linux-arm-gnueabihf@4.59.0
1043 silly packumentCache full:https://registry.npmjs.org/@rollup%2frollup-linux-arm-gnueabihf cache-miss
1044 http fetch GET 200 https://registry.npmjs.org/@esbuild%2fwin32-x64 167ms (cache miss)
1045 silly packumentCache full:https://registry.npmjs.org/@esbuild%2fwin32-x64 set size:undefined disposed:false
1046 silly fetch manifest @rollup/rollup-linux-arm-musleabihf@4.59.0
1047 silly packumentCache full:https://registry.npmjs.org/@rollup%2frollup-linux-arm-musleabihf cache-miss
1048 http fetch GET 200 https://registry.npmjs.org/@rollup%2frollup-freebsd-arm64 88ms (cache miss)
1049 silly packumentCache full:https://registry.npmjs.org/@rollup%2frollup-freebsd-arm64 set size:undefined disposed:false
1050 silly fetch manifest @rollup/rollup-win32-ia32-msvc@4.59.0
1051 silly packumentCache full:https://registry.npmjs.org/@rollup%2frollup-win32-ia32-msvc cache-miss
1052 http fetch GET 200 https://registry.npmjs.org/@rollup%2frollup-android-arm-eabi 123ms (cache miss)
1053 silly packumentCache full:https://registry.npmjs.org/@rollup%2frollup-android-arm-eabi set size:undefined disposed:false
1054 silly fetch manifest @rollup/rollup-linux-loong64-gnu@4.59.0
1055 silly packumentCache full:https://registry.npmjs.org/@rollup%2frollup-linux-loong64-gnu cache-miss
1056 http fetch GET 200 https://registry.npmjs.org/@rollup%2frollup-linux-arm64-gnu 132ms (cache miss)
1057 silly packumentCache full:https://registry.npmjs.org/@rollup%2frollup-linux-arm64-gnu set size:undefined disposed:false
1058 silly fetch manifest @rollup/rollup-linux-loong64-musl@4.59.0
1059 silly packumentCache full:https://registry.npmjs.org/@rollup%2frollup-linux-loong64-musl cache-miss
1060 http fetch GET 200 https://registry.npmjs.org/@rollup%2frollup-linux-arm-gnueabihf 128ms (cache miss)
1061 silly packumentCache full:https://registry.npmjs.org/@rollup%2frollup-linux-arm-gnueabihf set size:undefined disposed:false
1062 silly fetch manifest @rollup/rollup-linux-riscv64-gnu@4.59.0
1063 silly packumentCache full:https://registry.npmjs.org/@rollup%2frollup-linux-riscv64-gnu cache-miss
1064 http fetch GET 200 https://registry.npmjs.org/@rollup%2frollup-win32-ia32-msvc 96ms (cache miss)
1065 silly packumentCache full:https://registry.npmjs.org/@rollup%2frollup-win32-ia32-msvc set size:undefined disposed:false
1066 silly fetch manifest @rollup/rollup-linux-riscv64-musl@4.59.0
1067 silly packumentCache full:https://registry.npmjs.org/@rollup%2frollup-linux-riscv64-musl cache-miss
1068 http fetch GET 200 https://registry.npmjs.org/@rollup%2frollup-linux-arm-musleabihf 144ms (cache miss)
1069 silly packumentCache full:https://registry.npmjs.org/@rollup%2frollup-linux-arm-musleabihf set size:undefined disposed:false
1070 silly fetch manifest @rollup/rollup-linux-ppc64-gnu@4.59.0
1071 silly packumentCache full:https://registry.npmjs.org/@rollup%2frollup-linux-ppc64-gnu cache-miss
1072 http fetch GET 200 https://registry.npmjs.org/@rollup%2frollup-linux-loong64-gnu 106ms (cache miss)
1073 silly packumentCache full:https://registry.npmjs.org/@rollup%2frollup-linux-loong64-gnu set size:undefined disposed:false
1074 silly fetch manifest @rollup/rollup-linux-ppc64-musl@4.59.0
1075 silly packumentCache full:https://registry.npmjs.org/@rollup%2frollup-linux-ppc64-musl cache-miss
1076 http fetch GET 200 https://registry.npmjs.org/@rollup%2frollup-linux-loong64-musl 113ms (cache miss)
1077 silly packumentCache full:https://registry.npmjs.org/@rollup%2frollup-linux-loong64-musl set size:undefined disposed:false
1078 silly fetch manifest @rollup/rollup-linux-s390x-gnu@4.59.0
1079 silly packumentCache full:https://registry.npmjs.org/@rollup%2frollup-linux-s390x-gnu cache-miss
1080 http fetch GET 200 https://registry.npmjs.org/@rollup%2frollup-linux-ppc64-musl 132ms (cache miss)
1081 silly packumentCache full:https://registry.npmjs.org/@rollup%2frollup-linux-ppc64-musl set size:undefined disposed:false
1082 silly fetch manifest @rollup/rollup-darwin-x64@4.59.0
1083 silly packumentCache full:https://registry.npmjs.org/@rollup%2frollup-darwin-x64 cache-miss
1084 http fetch GET 200 https://registry.npmjs.org/@rollup%2frollup-linux-riscv64-gnu 230ms (cache miss)
1085 silly packumentCache full:https://registry.npmjs.org/@rollup%2frollup-linux-riscv64-gnu set size:undefined disposed:false
1086 silly fetch manifest @rollup/rollup-win32-x64-gnu@4.59.0
1087 silly packumentCache full:https://registry.npmjs.org/@rollup%2frollup-win32-x64-gnu cache-miss
1088 http fetch GET 200 https://registry.npmjs.org/@rollup%2frollup-linux-ppc64-gnu 219ms (cache miss)
1089 silly packumentCache full:https://registry.npmjs.org/@rollup%2frollup-linux-ppc64-gnu set size:undefined disposed:false
1090 silly fetch manifest @rollup/rollup-win32-x64-msvc@4.59.0
1091 silly packumentCache full:https://registry.npmjs.org/@rollup%2frollup-win32-x64-msvc cache-miss
1092 http fetch GET 200 https://registry.npmjs.org/@rollup%2frollup-linux-riscv64-musl 225ms (cache miss)
1093 silly packumentCache full:https://registry.npmjs.org/@rollup%2frollup-linux-riscv64-musl set size:undefined disposed:false
1094 silly fetch manifest @rollup/rollup-freebsd-x64@4.59.0
1095 silly packumentCache full:https://registry.npmjs.org/@rollup%2frollup-freebsd-x64 cache-miss
1096 http fetch GET 200 https://registry.npmjs.org/@rollup%2frollup-linux-s390x-gnu 135ms (cache miss)
1097 silly packumentCache full:https://registry.npmjs.org/@rollup%2frollup-linux-s390x-gnu set size:undefined disposed:false
1098 silly fetch manifest @rollup/rollup-linux-x64-gnu@4.59.0
1099 silly packumentCache full:https://registry.npmjs.org/@rollup%2frollup-linux-x64-gnu cache-miss
1100 http fetch GET 200 https://registry.npmjs.org/@rollup%2frollup-win32-arm64-msvc 429ms (cache miss)
1101 silly packumentCache full:https://registry.npmjs.org/@rollup%2frollup-win32-arm64-msvc set size:undefined disposed:false
1102 silly fetch manifest @rollup/rollup-linux-x64-musl@4.59.0
1103 silly packumentCache full:https://registry.npmjs.org/@rollup%2frollup-linux-x64-musl cache-miss
1104 http fetch GET 200 https://registry.npmjs.org/@rollup%2frollup-linux-arm64-musl 404ms (cache miss)
1105 silly packumentCache full:https://registry.npmjs.org/@rollup%2frollup-linux-arm64-musl set size:undefined disposed:false
1106 silly fetch manifest @rollup/rollup-openbsd-x64@4.59.0
1107 silly packumentCache full:https://registry.npmjs.org/@rollup%2frollup-openbsd-x64 cache-miss
1108 http fetch GET 200 https://registry.npmjs.org/@rollup%2frollup-win32-x64-gnu 92ms (cache miss)
1109 silly packumentCache full:https://registry.npmjs.org/@rollup%2frollup-win32-x64-gnu set size:undefined disposed:false
1110 silly fetch manifest @rollup/rollup-openharmony-arm64@4.59.0
1111 silly packumentCache full:https://registry.npmjs.org/@rollup%2frollup-openharmony-arm64 cache-miss
1112 http fetch GET 200 https://registry.npmjs.org/@rollup%2frollup-freebsd-x64 107ms (cache miss)
1113 silly packumentCache full:https://registry.npmjs.org/@rollup%2frollup-freebsd-x64 set size:undefined disposed:false
1114 http fetch GET 200 https://registry.npmjs.org/@rollup%2frollup-linux-x64-musl 130ms (cache miss)
1115 silly packumentCache full:https://registry.npmjs.org/@rollup%2frollup-linux-x64-musl set size:undefined disposed:false
1116 http fetch GET 200 https://registry.npmjs.org/@rollup%2frollup-win32-x64-msvc 142ms (cache miss)
1117 silly packumentCache full:https://registry.npmjs.org/@rollup%2frollup-win32-x64-msvc set size:undefined disposed:false
1118 http fetch GET 200 https://registry.npmjs.org/@rollup%2frollup-darwin-x64 154ms (cache miss)
1119 silly packumentCache full:https://registry.npmjs.org/@rollup%2frollup-darwin-x64 set size:undefined disposed:false
1120 http fetch GET 200 https://registry.npmjs.org/@rollup%2frollup-openbsd-x64 121ms (cache miss)
1121 silly packumentCache full:https://registry.npmjs.org/@rollup%2frollup-openbsd-x64 set size:undefined disposed:false
1122 http fetch GET 200 https://registry.npmjs.org/@rollup%2frollup-openharmony-arm64 89ms (cache miss)
1123 silly packumentCache full:https://registry.npmjs.org/@rollup%2frollup-openharmony-arm64 set size:undefined disposed:false
1124 http fetch GET 200 https://registry.npmjs.org/@rollup%2frollup-linux-x64-gnu 494ms (cache miss)
1125 silly packumentCache full:https://registry.npmjs.org/@rollup%2frollup-linux-x64-gnu set size:undefined disposed:false
1126 silly placeDep ROOT @esbuild/aix-ppc64@0.27.3 OK for: esbuild@0.27.3 want: 0.27.3
1127 silly placeDep ROOT @esbuild/android-arm@0.27.3 OK for: esbuild@0.27.3 want: 0.27.3
1128 silly placeDep ROOT @esbuild/android-arm64@0.27.3 OK for: esbuild@0.27.3 want: 0.27.3
1129 silly placeDep ROOT @esbuild/android-x64@0.27.3 OK for: esbuild@0.27.3 want: 0.27.3
1130 silly placeDep ROOT @esbuild/darwin-arm64@0.27.3 OK for: esbuild@0.27.3 want: 0.27.3
1131 silly placeDep ROOT @esbuild/darwin-x64@0.27.3 OK for: esbuild@0.27.3 want: 0.27.3
1132 silly placeDep ROOT @esbuild/freebsd-arm64@0.27.3 OK for: esbuild@0.27.3 want: 0.27.3
1133 silly placeDep ROOT @esbuild/freebsd-x64@0.27.3 OK for: esbuild@0.27.3 want: 0.27.3
1134 silly placeDep ROOT @esbuild/linux-arm@0.27.3 OK for: esbuild@0.27.3 want: 0.27.3
1135 silly placeDep ROOT @esbuild/linux-arm64@0.27.3 OK for: esbuild@0.27.3 want: 0.27.3
1136 silly placeDep ROOT @esbuild/linux-ia32@0.27.3 OK for: esbuild@0.27.3 want: 0.27.3
1137 silly placeDep ROOT @esbuild/linux-loong64@0.27.3 OK for: esbuild@0.27.3 want: 0.27.3
1138 silly placeDep ROOT @esbuild/linux-mips64el@0.27.3 OK for: esbuild@0.27.3 want: 0.27.3
1139 silly placeDep ROOT @esbuild/linux-ppc64@0.27.3 OK for: esbuild@0.27.3 want: 0.27.3
1140 silly placeDep ROOT @esbuild/linux-riscv64@0.27.3 OK for: esbuild@0.27.3 want: 0.27.3
1141 silly placeDep ROOT @esbuild/linux-s390x@0.27.3 OK for: esbuild@0.27.3 want: 0.27.3
1142 silly placeDep ROOT @esbuild/linux-x64@0.27.3 OK for: esbuild@0.27.3 want: 0.27.3
1143 silly placeDep ROOT @esbuild/netbsd-arm64@0.27.3 OK for: esbuild@0.27.3 want: 0.27.3
1144 silly placeDep ROOT @esbuild/netbsd-x64@0.27.3 OK for: esbuild@0.27.3 want: 0.27.3
1145 silly placeDep ROOT @esbuild/openbsd-arm64@0.27.3 OK for: esbuild@0.27.3 want: 0.27.3
1146 silly placeDep ROOT @esbuild/openbsd-x64@0.27.3 OK for: esbuild@0.27.3 want: 0.27.3
1147 silly placeDep ROOT @esbuild/openharmony-arm64@0.27.3 OK for: esbuild@0.27.3 want: 0.27.3
1148 silly placeDep ROOT @esbuild/sunos-x64@0.27.3 OK for: esbuild@0.27.3 want: 0.27.3
1149 silly placeDep ROOT @esbuild/win32-arm64@0.27.3 OK for: esbuild@0.27.3 want: 0.27.3
1150 silly placeDep ROOT @esbuild/win32-ia32@0.27.3 OK for: esbuild@0.27.3 want: 0.27.3
1151 silly placeDep ROOT @esbuild/win32-x64@0.27.3 OK for: esbuild@0.27.3 want: 0.27.3
1152 silly placeDep ROOT nanoid@3.3.11 OK for: postcss@8.5.6 want: ^3.3.11
1153 silly placeDep ROOT source-map-js@1.2.1 OK for: postcss@8.5.6 want: ^1.2.1
1154 silly placeDep ROOT @rollup/rollup-android-arm-eabi@4.59.0 OK for: rollup@4.59.0 want: 4.59.0
1155 silly placeDep ROOT @rollup/rollup-android-arm64@4.59.0 OK for: rollup@4.59.0 want: 4.59.0
1156 silly placeDep ROOT @rollup/rollup-darwin-arm64@4.59.0 OK for: rollup@4.59.0 want: 4.59.0
1157 silly placeDep ROOT @rollup/rollup-darwin-x64@4.59.0 OK for: rollup@4.59.0 want: 4.59.0
1158 silly placeDep ROOT @rollup/rollup-freebsd-arm64@4.59.0 OK for: rollup@4.59.0 want: 4.59.0
1159 silly placeDep ROOT @rollup/rollup-freebsd-x64@4.59.0 OK for: rollup@4.59.0 want: 4.59.0
1160 silly placeDep ROOT @rollup/rollup-linux-arm-gnueabihf@4.59.0 OK for: rollup@4.59.0 want: 4.59.0
1161 silly placeDep ROOT @rollup/rollup-linux-arm-musleabihf@4.59.0 OK for: rollup@4.59.0 want: 4.59.0
1162 silly placeDep ROOT @rollup/rollup-linux-arm64-gnu@4.59.0 OK for: rollup@4.59.0 want: 4.59.0
1163 silly placeDep ROOT @rollup/rollup-linux-arm64-musl@4.59.0 OK for: rollup@4.59.0 want: 4.59.0
1164 silly placeDep ROOT @rollup/rollup-linux-loong64-gnu@4.59.0 OK for: rollup@4.59.0 want: 4.59.0
1165 silly placeDep ROOT @rollup/rollup-linux-loong64-musl@4.59.0 OK for: rollup@4.59.0 want: 4.59.0
1166 silly placeDep ROOT @rollup/rollup-linux-ppc64-gnu@4.59.0 OK for: rollup@4.59.0 want: 4.59.0
1167 silly placeDep ROOT @rollup/rollup-linux-ppc64-musl@4.59.0 OK for: rollup@4.59.0 want: 4.59.0
1168 silly placeDep ROOT @rollup/rollup-linux-riscv64-gnu@4.59.0 OK for: rollup@4.59.0 want: 4.59.0
1169 silly placeDep ROOT @rollup/rollup-linux-riscv64-musl@4.59.0 OK for: rollup@4.59.0 want: 4.59.0
1170 silly placeDep ROOT @rollup/rollup-linux-s390x-gnu@4.59.0 OK for: rollup@4.59.0 want: 4.59.0
1171 silly placeDep ROOT @rollup/rollup-linux-x64-gnu@4.59.0 OK for: rollup@4.59.0 want: 4.59.0
1172 silly placeDep ROOT @rollup/rollup-linux-x64-musl@4.59.0 OK for: rollup@4.59.0 want: 4.59.0
1173 silly placeDep ROOT @rollup/rollup-openbsd-x64@4.59.0 OK for: rollup@4.59.0 want: 4.59.0
1174 silly placeDep ROOT @rollup/rollup-openharmony-arm64@4.59.0 OK for: rollup@4.59.0 want: 4.59.0
1175 silly placeDep ROOT @rollup/rollup-win32-arm64-msvc@4.59.0 OK for: rollup@4.59.0 want: 4.59.0
1176 silly placeDep ROOT @rollup/rollup-win32-ia32-msvc@4.59.0 OK for: rollup@4.59.0 want: 4.59.0
1177 silly placeDep ROOT @rollup/rollup-win32-x64-gnu@4.59.0 OK for: rollup@4.59.0 want: 4.59.0
1178 silly placeDep ROOT @rollup/rollup-win32-x64-msvc@4.59.0 OK for: rollup@4.59.0 want: 4.59.0
1179 silly placeDep ROOT isexe@2.0.0 OK for: which@2.0.2 want: ^2.0.0
1180 silly reify moves {}
1181 silly audit bulk request {
1181 silly audit   '@eslint/js': [ '9.39.3' ],
1181 silly audit   '@types/react': [ '19.2.14' ],
1181 silly audit   '@types/react-dom': [ '19.2.3' ],
1181 silly audit   '@vitejs/plugin-react': [ '5.1.4' ],
1181 silly audit   vite: [ '7.3.1' ],
1181 silly audit   eslint: [ '9.39.3' ],
1181 silly audit   'eslint-plugin-react-hooks': [ '7.0.1' ],
1181 silly audit   'eslint-plugin-react-refresh': [ '0.4.26' ],
1181 silly audit   globals: [ '16.5.0', '14.0.0' ],
1181 silly audit   react: [ '19.2.4' ],
1181 silly audit   'react-dom': [ '19.2.4' ],
1181 silly audit   csstype: [ '3.2.3' ],
1181 silly audit   '@babel/core': [ '7.29.0' ],
1181 silly audit   '@babel/plugin-transform-react-jsx-self': [ '7.27.1' ],
1181 silly audit   '@babel/plugin-transform-react-jsx-source': [ '7.27.1' ],
1181 silly audit   '@rolldown/pluginutils': [ '1.0.0-rc.3' ],
1181 silly audit   '@types/babel__core': [ '7.20.5' ],
1181 silly audit   'react-refresh': [ '0.18.0' ],
1181 silly audit   '@babel/code-frame': [ '7.29.0' ],
1181 silly audit   '@babel/generator': [ '7.29.1' ],
1181 silly audit   '@babel/helper-compilation-targets': [ '7.28.6' ],
1181 silly audit   '@babel/helper-module-transforms': [ '7.28.6' ],
1181 silly audit   '@babel/helpers': [ '7.28.6' ],
1181 silly audit   '@babel/parser': [ '7.29.0' ],
1181 silly audit   '@babel/template': [ '7.28.6' ],
1181 silly audit   '@babel/traverse': [ '7.29.0' ],
1181 silly audit   '@babel/types': [ '7.29.0' ],
1181 silly audit   '@jridgewell/remapping': [ '2.3.5' ],
1181 silly audit   'convert-source-map': [ '2.0.0' ],
1181 silly audit   debug: [ '4.4.3' ],
1181 silly audit   gensync: [ '1.0.0-beta.2' ],
1181 silly audit   json5: [ '2.2.3' ],
1181 silly audit   semver: [ '6.3.1' ],
1181 silly audit   '@babel/helper-validator-identifier': [ '7.28.5' ],
1181 silly audit   'js-tokens': [ '4.0.0' ],
1181 silly audit   picocolors: [ '1.1.1' ],
1181 silly audit   '@jridgewell/gen-mapping': [ '0.3.13' ],
1181 silly audit   '@jridgewell/trace-mapping': [ '0.3.31' ],
1181 silly audit   jsesc: [ '3.1.0' ],
1181 silly audit   '@babel/compat-data': [ '7.29.0' ],
1181 silly audit   '@babel/helper-validator-option': [ '7.27.1' ],
1181 silly audit   browserslist: [ '4.28.1' ],
1181 silly audit   'lru-cache': [ '5.1.1' ],
1181 silly audit   '@babel/helper-module-imports': [ '7.28.6' ],
1181 silly audit   '@babel/helper-plugin-utils': [ '7.28.6' ],
1181 silly audit   '@babel/helper-globals': [ '7.28.0' ],
1181 silly audit   '@babel/helper-string-parser': [ '7.27.1' ],
1181 silly audit   '@jridgewell/sourcemap-codec': [ '1.5.5' ],
1181 silly audit   '@jridgewell/resolve-uri': [ '3.1.2' ],
1181 silly audit   '@types/babel__generator': [ '7.27.0' ],
1181 silly audit   '@types/babel__template': [ '7.4.4' ],
1181 silly audit   '@types/babel__traverse': [ '7.28.0' ],
1181 silly audit   'baseline-browser-mapping': [ '2.10.0' ],
1181 silly audit   'caniuse-lite': [ '1.0.30001774' ],
1181 silly audit   'electron-to-chromium': [ '1.5.302' ],
1181 silly audit   'node-releases': [ '2.0.27' ],
1181 silly audit   'update-browserslist-db': [ '1.2.3' ],
1181 silly audit   ms: [ '2.1.3' ],
1181 silly audit   '@eslint-community/eslint-utils': [ '4.9.1' ],
1181 silly audit   '@eslint-community/regexpp': [ '4.12.2' ],
1181 silly audit   '@eslint/config-array': [ '0.21.1' ],
1181 silly audit   '@eslint/config-helpers': [ '0.4.2' ],
1181 silly audit   '@eslint/core': [ '0.17.0' ],
1181 silly audit   '@eslint/eslintrc': [ '3.3.4' ],
1181 silly audit   '@eslint/plugin-kit': [ '0.4.1' ],
1181 silly audit   '@humanfs/node': [ '0.16.7' ],
1181 silly audit   '@humanwhocodes/module-importer': [ '1.0.1' ],
1181 silly audit   '@humanwhocodes/retry': [ '0.4.3' ],
1181 silly audit   '@types/estree': [ '1.0.8' ],
1181 silly audit   ajv: [ '6.14.0' ],
1181 silly audit   chalk: [ '4.1.2' ],
1181 silly audit   'cross-spawn': [ '7.0.6' ],
1181 silly audit   'escape-string-regexp': [ '4.0.0' ],
1181 silly audit   'eslint-scope': [ '8.4.0' ],
1181 silly audit   'eslint-visitor-keys': [ '4.2.1', '3.4.3' ],
1181 silly audit   espree: [ '10.4.0' ],
1181 silly audit   esquery: [ '1.7.0' ],
1181 silly audit   esutils: [ '2.0.3' ],
1181 silly audit   'fast-deep-equal': [ '3.1.3' ],
1181 silly audit   'file-entry-cache': [ '8.0.0' ],
1181 silly audit   'find-up': [ '5.0.0' ],
1181 silly audit   'glob-parent': [ '6.0.2' ],
1181 silly audit   ignore: [ '5.3.2' ],
1181 silly audit   imurmurhash: [ '0.1.4' ],
1181 silly audit   'is-glob': [ '4.0.3' ],
1181 silly audit   'json-stable-stringify-without-jsonify': [ '1.0.1' ],
1181 silly audit   'lodash.merge': [ '4.6.2' ],
1181 silly audit   minimatch: [ '3.1.4' ],
1181 silly audit   'natural-compare': [ '1.4.0' ],
1181 silly audit   optionator: [ '0.9.4' ],
1181 silly audit   '@eslint/object-schema': [ '2.1.7' ],
1181 silly audit   '@types/json-schema': [ '7.0.15' ],
1181 silly audit   'import-fresh': [ '3.3.1' ],
1181 silly audit   'js-yaml': [ '4.1.1' ],
1181 silly audit   'strip-json-comments': [ '3.1.1' ],
1181 silly audit   levn: [ '0.4.1' ],
1181 silly audit   '@humanfs/core': [ '0.19.1' ],
1181 silly audit   'fast-json-stable-stringify': [ '2.1.0' ],
1181 silly audit   'json-schema-traverse': [ '0.4.1' ],
1181 silly audit   'uri-js': [ '4.4.1' ],
1181 silly audit   'ansi-styles': [ '4.3.0' ],
1181 silly audit   'supports-color': [ '7.2.0' ],
1181 silly audit   'color-convert': [ '2.0.1' ],
1181 silly audit   'color-name': [ '1.1.4' ],
1181 silly audit   'path-key': [ '3.1.1' ],
1181 silly audit   'shebang-command': [ '2.0.0' ],
1181 silly audit   which: [ '2.0.2' ],
1181 silly audit   'hermes-parser': [ '0.25.1' ],
1181 silly audit   zod: [ '4.3.6' ],
1181 silly audit   'zod-validation-error': [ '4.0.2' ],
1181 silly audit   esrecurse: [ '4.3.0' ],
1181 silly audit   estraverse: [ '5.3.0' ],
1181 silly audit   acorn: [ '8.16.0' ],
1181 silly audit   'acorn-jsx': [ '5.3.2' ],
1181 silly audit   'flat-cache': [ '4.0.1' ],
1181 silly audit   'locate-path': [ '6.0.0' ],
1181 silly audit   'path-exists': [ '4.0.0' ],
1181 silly audit   flatted: [ '3.3.3' ],
1181 silly audit   keyv: [ '4.5.4' ],
1181 silly audit   'hermes-estree': [ '0.25.1' ],
1181 silly audit   'parent-module': [ '1.0.1' ],
1181 silly audit   'resolve-from': [ '4.0.0' ],
1181 silly audit   'is-extglob': [ '2.1.1' ],
1181 silly audit   argparse: [ '2.0.1' ],
1181 silly audit   'json-buffer': [ '3.0.1' ],
1181 silly audit   'prelude-ls': [ '1.2.1' ],
1181 silly audit   'type-check': [ '0.4.0' ],
1181 silly audit   'p-locate': [ '5.0.0' ],
1181 silly audit   yallist: [ '3.1.1' ],
1181 silly audit   'brace-expansion': [ '1.1.12' ],
1181 silly audit   'balanced-match': [ '1.0.2' ],
1181 silly audit   'concat-map': [ '0.0.1' ],
1181 silly audit   'deep-is': [ '0.1.4' ],
1181 silly audit   'fast-levenshtein': [ '2.0.6' ],
1181 silly audit   'word-wrap': [ '1.2.5' ],
1181 silly audit   'p-limit': [ '3.1.0' ],
1181 silly audit   'yocto-queue': [ '0.1.0' ],
1181 silly audit   callsites: [ '3.1.0' ],
1181 silly audit   scheduler: [ '0.27.0' ],
1181 silly audit   'shebang-regex': [ '3.0.0' ],
1181 silly audit   'has-flag': [ '4.0.0' ],
1181 silly audit   escalade: [ '3.2.0' ],
1181 silly audit   punycode: [ '2.3.1' ],
1181 silly audit   esbuild: [ '0.27.3' ],
1181 silly audit   fdir: [ '6.5.0' ],
1181 silly audit   fsevents: [ '2.3.3' ],
1181 silly audit   picomatch: [ '4.0.3' ],
1181 silly audit   postcss: [ '8.5.6' ],
1181 silly audit   rollup: [ '4.59.0' ],
1181 silly audit   tinyglobby: [ '0.2.15' ],
1181 silly audit   '@esbuild/aix-ppc64': [ '0.27.3' ],
1181 silly audit   '@esbuild/android-arm': [ '0.27.3' ],
1181 silly audit   '@esbuild/android-arm64': [ '0.27.3' ],
1181 silly audit   '@esbuild/android-x64': [ '0.27.3' ],
1181 silly audit   '@esbuild/darwin-arm64': [ '0.27.3' ],
1181 silly audit   '@esbuild/darwin-x64': [ '0.27.3' ],
1181 silly audit   '@esbuild/freebsd-arm64': [ '0.27.3' ],
1181 silly audit   '@esbuild/freebsd-x64': [ '0.27.3' ],
1181 silly audit   '@esbuild/linux-arm': [ '0.27.3' ],
1181 silly audit   '@esbuild/linux-arm64': [ '0.27.3' ],
1181 silly audit   '@esbuild/linux-ia32': [ '0.27.3' ],
1181 silly audit   '@esbuild/linux-loong64': [ '0.27.3' ],
1181 silly audit   '@esbuild/linux-mips64el': [ '0.27.3' ],
1181 silly audit   '@esbuild/linux-ppc64': [ '0.27.3' ],
1181 silly audit   '@esbuild/linux-riscv64': [ '0.27.3' ],
1181 silly audit   '@esbuild/linux-s390x': [ '0.27.3' ],
1181 silly audit   '@esbuild/linux-x64': [ '0.27.3' ],
1181 silly audit   '@esbuild/netbsd-arm64': [ '0.27.3' ],
1181 silly audit   '@esbuild/netbsd-x64': [ '0.27.3' ],
1181 silly audit   '@esbuild/openbsd-arm64': [ '0.27.3' ],
1181 silly audit   '@esbuild/openbsd-x64': [ '0.27.3' ],
1181 silly audit   '@esbuild/openharmony-arm64': [ '0.27.3' ],
1181 silly audit   '@esbuild/sunos-x64': [ '0.27.3' ],
1181 silly audit   '@esbuild/win32-arm64': [ '0.27.3' ],
1181 silly audit   '@esbuild/win32-ia32': [ '0.27.3' ],
1181 silly audit   '@esbuild/win32-x64': [ '0.27.3' ],
1181 silly audit   nanoid: [ '3.3.11' ],
1181 silly audit   'source-map-js': [ '1.2.1' ],
1181 silly audit   '@rollup/rollup-android-arm-eabi': [ '4.59.0' ],
1181 silly audit   '@rollup/rollup-android-arm64': [ '4.59.0' ],
1181 silly audit   '@rollup/rollup-darwin-arm64': [ '4.59.0' ],
1181 silly audit   '@rollup/rollup-darwin-x64': [ '4.59.0' ],
1181 silly audit   '@rollup/rollup-freebsd-arm64': [ '4.59.0' ],
1181 silly audit   '@rollup/rollup-freebsd-x64': [ '4.59.0' ],
1181 silly audit   '@rollup/rollup-linux-arm-gnueabihf': [ '4.59.0' ],
1181 silly audit   '@rollup/rollup-linux-arm-musleabihf': [ '4.59.0' ],
1181 silly audit   '@rollup/rollup-linux-arm64-gnu': [ '4.59.0' ],
1181 silly audit   '@rollup/rollup-linux-arm64-musl': [ '4.59.0' ],
1181 silly audit   '@rollup/rollup-linux-loong64-gnu': [ '4.59.0' ],
1181 silly audit   '@rollup/rollup-linux-loong64-musl': [ '4.59.0' ],
1181 silly audit   '@rollup/rollup-linux-ppc64-gnu': [ '4.59.0' ],
1181 silly audit   '@rollup/rollup-linux-ppc64-musl': [ '4.59.0' ],
1181 silly audit   '@rollup/rollup-linux-riscv64-gnu': [ '4.59.0' ],
1181 silly audit   '@rollup/rollup-linux-riscv64-musl': [ '4.59.0' ],
1181 silly audit   '@rollup/rollup-linux-s390x-gnu': [ '4.59.0' ],
1181 silly audit   '@rollup/rollup-linux-x64-gnu': [ '4.59.0' ],
1181 silly audit   '@rollup/rollup-linux-x64-musl': [ '4.59.0' ],
1181 silly audit   '@rollup/rollup-openbsd-x64': [ '4.59.0' ],
1181 silly audit   '@rollup/rollup-openharmony-arm64': [ '4.59.0' ],
1181 silly audit   '@rollup/rollup-win32-arm64-msvc': [ '4.59.0' ],
1181 silly audit   '@rollup/rollup-win32-ia32-msvc': [ '4.59.0' ],
1181 silly audit   '@rollup/rollup-win32-x64-gnu': [ '4.59.0' ],
1181 silly audit   '@rollup/rollup-win32-x64-msvc': [ '4.59.0' ],
1181 silly audit   isexe: [ '2.0.0' ]
1181 silly audit }
1182 http cache isexe@https://registry.npmjs.org/isexe/-/isexe-2.0.0.tgz 0ms (cache hit)
1183 http cache source-map-js@https://registry.npmjs.org/source-map-js/-/source-map-js-1.2.1.tgz 0ms (cache hit)
1184 http cache @rollup/rollup-darwin-arm64@https://registry.npmjs.org/@rollup/rollup-darwin-arm64/-/rollup-darwin-arm64-4.59.0.tgz 0ms (cache hit)
1185 http cache nanoid@https://registry.npmjs.org/nanoid/-/nanoid-3.3.11.tgz 0ms (cache hit)
1186 http cache @esbuild/darwin-arm64@https://registry.npmjs.org/@esbuild/darwin-arm64/-/darwin-arm64-0.27.3.tgz 0ms (cache hit)
1187 http cache tinyglobby@https://registry.npmjs.org/tinyglobby/-/tinyglobby-0.2.15.tgz 0ms (cache hit)
1188 http cache postcss@https://registry.npmjs.org/postcss/-/postcss-8.5.6.tgz 0ms (cache hit)
1189 http cache picomatch@https://registry.npmjs.org/picomatch/-/picomatch-4.0.3.tgz 0ms (cache hit)
1190 http cache fsevents@https://registry.npmjs.org/fsevents/-/fsevents-2.3.3.tgz 0ms (cache hit)
1191 http cache esbuild@https://registry.npmjs.org/esbuild/-/esbuild-0.27.3.tgz 0ms (cache hit)
1192 http cache fdir@https://registry.npmjs.org/fdir/-/fdir-6.5.0.tgz 0ms (cache hit)
1193 http cache rollup@https://registry.npmjs.org/rollup/-/rollup-4.59.0.tgz 0ms (cache hit)
1194 http cache escalade@https://registry.npmjs.org/escalade/-/escalade-3.2.0.tgz 0ms (cache hit)
1195 http cache has-flag@https://registry.npmjs.org/has-flag/-/has-flag-4.0.0.tgz 0ms (cache hit)
1196 http cache shebang-regex@https://registry.npmjs.org/shebang-regex/-/shebang-regex-3.0.0.tgz 0ms (cache hit)
1197 http cache punycode@https://registry.npmjs.org/punycode/-/punycode-2.3.1.tgz 0ms (cache hit)
1198 http cache scheduler@https://registry.npmjs.org/scheduler/-/scheduler-0.27.0.tgz 0ms (cache hit)
1199 http cache callsites@https://registry.npmjs.org/callsites/-/callsites-3.1.0.tgz 0ms (cache hit)
1200 http cache word-wrap@https://registry.npmjs.org/word-wrap/-/word-wrap-1.2.5.tgz 0ms (cache hit)
1201 http cache fast-levenshtein@https://registry.npmjs.org/fast-levenshtein/-/fast-levenshtein-2.0.6.tgz 0ms (cache hit)
1202 http cache p-limit@https://registry.npmjs.org/p-limit/-/p-limit-3.1.0.tgz 0ms (cache hit)
1203 http cache yocto-queue@https://registry.npmjs.org/yocto-queue/-/yocto-queue-0.1.0.tgz 0ms (cache hit)
1204 http cache concat-map@https://registry.npmjs.org/concat-map/-/concat-map-0.0.1.tgz 0ms (cache hit)
1205 http cache brace-expansion@https://registry.npmjs.org/brace-expansion/-/brace-expansion-1.1.12.tgz 0ms (cache hit)
1206 http cache balanced-match@https://registry.npmjs.org/balanced-match/-/balanced-match-1.0.2.tgz 0ms (cache hit)
1207 http cache yallist@https://registry.npmjs.org/yallist/-/yallist-3.1.1.tgz 0ms (cache hit)
1208 http cache p-locate@https://registry.npmjs.org/p-locate/-/p-locate-5.0.0.tgz 0ms (cache hit)
1209 http cache type-check@https://registry.npmjs.org/type-check/-/type-check-0.4.0.tgz 0ms (cache hit)
1210 http cache prelude-ls@https://registry.npmjs.org/prelude-ls/-/prelude-ls-1.2.1.tgz 0ms (cache hit)
1211 http cache json-buffer@https://registry.npmjs.org/json-buffer/-/json-buffer-3.0.1.tgz 0ms (cache hit)
1212 http cache argparse@https://registry.npmjs.org/argparse/-/argparse-2.0.1.tgz 0ms (cache hit)
1213 http cache is-extglob@https://registry.npmjs.org/is-extglob/-/is-extglob-2.1.1.tgz 0ms (cache hit)
1214 http cache parent-module@https://registry.npmjs.org/parent-module/-/parent-module-1.0.1.tgz 0ms (cache hit)
1215 http cache resolve-from@https://registry.npmjs.org/resolve-from/-/resolve-from-4.0.0.tgz 0ms (cache hit)
1216 http cache hermes-estree@https://registry.npmjs.org/hermes-estree/-/hermes-estree-0.25.1.tgz 0ms (cache hit)
1217 http cache keyv@https://registry.npmjs.org/keyv/-/keyv-4.5.4.tgz 0ms (cache hit)
1218 http cache flatted@https://registry.npmjs.org/flatted/-/flatted-3.3.3.tgz 0ms (cache hit)
1219 http cache path-exists@https://registry.npmjs.org/path-exists/-/path-exists-4.0.0.tgz 0ms (cache hit)
1220 http cache locate-path@https://registry.npmjs.org/locate-path/-/locate-path-6.0.0.tgz 0ms (cache hit)
1221 http cache acorn@https://registry.npmjs.org/acorn/-/acorn-8.16.0.tgz 0ms (cache hit)
1222 http cache flat-cache@https://registry.npmjs.org/flat-cache/-/flat-cache-4.0.1.tgz 0ms (cache hit)
1223 http cache estraverse@https://registry.npmjs.org/estraverse/-/estraverse-5.3.0.tgz 0ms (cache hit)
1224 http cache acorn-jsx@https://registry.npmjs.org/acorn-jsx/-/acorn-jsx-5.3.2.tgz 0ms (cache hit)
1225 http cache esrecurse@https://registry.npmjs.org/esrecurse/-/esrecurse-4.3.0.tgz 0ms (cache hit)
1226 http cache zod-validation-error@https://registry.npmjs.org/zod-validation-error/-/zod-validation-error-4.0.2.tgz 0ms (cache hit)
1227 http cache zod@https://registry.npmjs.org/zod/-/zod-4.3.6.tgz 0ms (cache hit)
1228 http cache hermes-parser@https://registry.npmjs.org/hermes-parser/-/hermes-parser-0.25.1.tgz 0ms (cache hit)
1229 http cache which@https://registry.npmjs.org/which/-/which-2.0.2.tgz 0ms (cache hit)
1230 http cache shebang-command@https://registry.npmjs.org/shebang-command/-/shebang-command-2.0.0.tgz 0ms (cache hit)
1231 http cache path-key@https://registry.npmjs.org/path-key/-/path-key-3.1.1.tgz 0ms (cache hit)
1232 http cache color-name@https://registry.npmjs.org/color-name/-/color-name-1.1.4.tgz 0ms (cache hit)
1233 http cache color-convert@https://registry.npmjs.org/color-convert/-/color-convert-2.0.1.tgz 0ms (cache hit)
1234 http cache supports-color@https://registry.npmjs.org/supports-color/-/supports-color-7.2.0.tgz 0ms (cache hit)
1235 http cache ansi-styles@https://registry.npmjs.org/ansi-styles/-/ansi-styles-4.3.0.tgz 0ms (cache hit)
1236 http cache uri-js@https://registry.npmjs.org/uri-js/-/uri-js-4.4.1.tgz 0ms (cache hit)
1237 http cache deep-is@https://registry.npmjs.org/deep-is/-/deep-is-0.1.4.tgz 0ms (cache hit)
1238 http cache fast-json-stable-stringify@https://registry.npmjs.org/fast-json-stable-stringify/-/fast-json-stable-stringify-2.1.0.tgz 0ms (cache hit)
1239 http cache @humanfs/core@https://registry.npmjs.org/@humanfs/core/-/core-0.19.1.tgz 0ms (cache hit)
1240 http cache levn@https://registry.npmjs.org/levn/-/levn-0.4.1.tgz 0ms (cache hit)
1241 http cache import-fresh@https://registry.npmjs.org/import-fresh/-/import-fresh-3.3.1.tgz 0ms (cache hit)
1242 http cache js-yaml@https://registry.npmjs.org/js-yaml/-/js-yaml-4.1.1.tgz 0ms (cache hit)
1243 http cache @types/json-schema@https://registry.npmjs.org/@types/json-schema/-/json-schema-7.0.15.tgz 0ms (cache hit)
1244 http cache optionator@https://registry.npmjs.org/optionator/-/optionator-0.9.4.tgz 0ms (cache hit)
1245 http cache natural-compare@https://registry.npmjs.org/natural-compare/-/natural-compare-1.4.0.tgz 0ms (cache hit)
1246 http cache @eslint/object-schema@https://registry.npmjs.org/@eslint/object-schema/-/object-schema-2.1.7.tgz 0ms (cache hit)
1247 http cache strip-json-comments@https://registry.npmjs.org/strip-json-comments/-/strip-json-comments-3.1.1.tgz 0ms (cache hit)
1248 http cache minimatch@https://registry.npmjs.org/minimatch/-/minimatch-3.1.4.tgz 0ms (cache hit)
1249 http cache lodash.merge@https://registry.npmjs.org/lodash.merge/-/lodash.merge-4.6.2.tgz 0ms (cache hit)
1250 http cache is-glob@https://registry.npmjs.org/is-glob/-/is-glob-4.0.3.tgz 0ms (cache hit)
1251 http cache imurmurhash@https://registry.npmjs.org/imurmurhash/-/imurmurhash-0.1.4.tgz 0ms (cache hit)
1252 http cache json-schema-traverse@https://registry.npmjs.org/json-schema-traverse/-/json-schema-traverse-0.4.1.tgz 0ms (cache hit)
1253 http cache ignore@https://registry.npmjs.org/ignore/-/ignore-5.3.2.tgz 0ms (cache hit)
1254 http cache find-up@https://registry.npmjs.org/find-up/-/find-up-5.0.0.tgz 0ms (cache hit)
1255 http cache file-entry-cache@https://registry.npmjs.org/file-entry-cache/-/file-entry-cache-8.0.0.tgz 0ms (cache hit)
1256 http cache fast-deep-equal@https://registry.npmjs.org/fast-deep-equal/-/fast-deep-equal-3.1.3.tgz 0ms (cache hit)
1257 http cache esutils@https://registry.npmjs.org/esutils/-/esutils-2.0.3.tgz 0ms (cache hit)
1258 http cache esquery@https://registry.npmjs.org/esquery/-/esquery-1.7.0.tgz 0ms (cache hit)
1259 http cache glob-parent@https://registry.npmjs.org/glob-parent/-/glob-parent-6.0.2.tgz 0ms (cache hit)
1260 http cache espree@https://registry.npmjs.org/espree/-/espree-10.4.0.tgz 0ms (cache hit)
1261 http cache json-stable-stringify-without-jsonify@https://registry.npmjs.org/json-stable-stringify-without-jsonify/-/json-stable-stringify-without-jsonify-1.0.1.tgz 0ms (cache hit)
1262 http cache eslint-visitor-keys@https://registry.npmjs.org/eslint-visitor-keys/-/eslint-visitor-keys-4.2.1.tgz 0ms (cache hit)
1263 http cache chalk@https://registry.npmjs.org/chalk/-/chalk-4.1.2.tgz 0ms (cache hit)
1264 http cache escape-string-regexp@https://registry.npmjs.org/escape-string-regexp/-/escape-string-regexp-4.0.0.tgz 0ms (cache hit)
1265 http cache @types/estree@https://registry.npmjs.org/@types/estree/-/estree-1.0.8.tgz 0ms (cache hit)
1266 http cache ajv@https://registry.npmjs.org/ajv/-/ajv-6.14.0.tgz 0ms (cache hit)
1267 http cache @humanfs/node@https://registry.npmjs.org/@humanfs/node/-/node-0.16.7.tgz 0ms (cache hit)
1268 http cache @humanwhocodes/retry@https://registry.npmjs.org/@humanwhocodes/retry/-/retry-0.4.3.tgz 0ms (cache hit)
1269 http cache cross-spawn@https://registry.npmjs.org/cross-spawn/-/cross-spawn-7.0.6.tgz 0ms (cache hit)
1270 http cache eslint-scope@https://registry.npmjs.org/eslint-scope/-/eslint-scope-8.4.0.tgz 0ms (cache hit)
1271 http cache @humanwhocodes/module-importer@https://registry.npmjs.org/@humanwhocodes/module-importer/-/module-importer-1.0.1.tgz 0ms (cache hit)
1272 http cache @eslint/plugin-kit@https://registry.npmjs.org/@eslint/plugin-kit/-/plugin-kit-0.4.1.tgz 0ms (cache hit)
1273 http cache @eslint/eslintrc@https://registry.npmjs.org/@eslint/eslintrc/-/eslintrc-3.3.4.tgz 0ms (cache hit)
1274 http cache @eslint/config-helpers@https://registry.npmjs.org/@eslint/config-helpers/-/config-helpers-0.4.2.tgz 0ms (cache hit)
1275 http cache @eslint/config-array@https://registry.npmjs.org/@eslint/config-array/-/config-array-0.21.1.tgz 0ms (cache hit)
1276 http cache @eslint-community/regexpp@https://registry.npmjs.org/@eslint-community/regexpp/-/regexpp-4.12.2.tgz 0ms (cache hit)
1277 http cache ms@https://registry.npmjs.org/ms/-/ms-2.1.3.tgz 0ms (cache hit)
1278 http cache @eslint-community/eslint-utils@https://registry.npmjs.org/@eslint-community/eslint-utils/-/eslint-utils-4.9.1.tgz 0ms (cache hit)
1279 http cache update-browserslist-db@https://registry.npmjs.org/update-browserslist-db/-/update-browserslist-db-1.2.3.tgz 0ms (cache hit)
1280 http cache electron-to-chromium@https://registry.npmjs.org/electron-to-chromium/-/electron-to-chromium-1.5.302.tgz 0ms (cache hit)
1281 http cache node-releases@https://registry.npmjs.org/node-releases/-/node-releases-2.0.27.tgz 0ms (cache hit)
1282 http cache caniuse-lite@https://registry.npmjs.org/caniuse-lite/-/caniuse-lite-1.0.30001774.tgz 0ms (cache hit)
1283 http cache @eslint/core@https://registry.npmjs.org/@eslint/core/-/core-0.17.0.tgz 0ms (cache hit)
1284 http cache baseline-browser-mapping@https://registry.npmjs.org/baseline-browser-mapping/-/baseline-browser-mapping-2.10.0.tgz 0ms (cache hit)
1285 http cache @types/babel__traverse@https://registry.npmjs.org/@types/babel__traverse/-/babel__traverse-7.28.0.tgz 0ms (cache hit)
1286 http cache @types/babel__template@https://registry.npmjs.org/@types/babel__template/-/babel__template-7.4.4.tgz 0ms (cache hit)
1287 http cache @jridgewell/sourcemap-codec@https://registry.npmjs.org/@jridgewell/sourcemap-codec/-/sourcemap-codec-1.5.5.tgz 0ms (cache hit)
1288 http cache @jridgewell/resolve-uri@https://registry.npmjs.org/@jridgewell/resolve-uri/-/resolve-uri-3.1.2.tgz 0ms (cache hit)
1289 http cache @babel/helper-string-parser@https://registry.npmjs.org/@babel/helper-string-parser/-/helper-string-parser-7.27.1.tgz 0ms (cache hit)
1290 http cache @babel/helper-globals@https://registry.npmjs.org/@babel/helper-globals/-/helper-globals-7.28.0.tgz 0ms (cache hit)
1291 http cache lru-cache@https://registry.npmjs.org/lru-cache/-/lru-cache-5.1.1.tgz 0ms (cache hit)
1292 http cache @babel/helper-plugin-utils@https://registry.npmjs.org/@babel/helper-plugin-utils/-/helper-plugin-utils-7.28.6.tgz 0ms (cache hit)
1293 http cache @babel/helper-module-imports@https://registry.npmjs.org/@babel/helper-module-imports/-/helper-module-imports-7.28.6.tgz 0ms (cache hit)
1294 http cache @types/babel__generator@https://registry.npmjs.org/@types/babel__generator/-/babel__generator-7.27.0.tgz 0ms (cache hit)
1295 http cache @babel/compat-data@https://registry.npmjs.org/@babel/compat-data/-/compat-data-7.29.0.tgz 0ms (cache hit)
1296 http cache jsesc@https://registry.npmjs.org/jsesc/-/jsesc-3.1.0.tgz 0ms (cache hit)
1297 http cache @jridgewell/trace-mapping@https://registry.npmjs.org/@jridgewell/trace-mapping/-/trace-mapping-0.3.31.tgz 0ms (cache hit)
1298 http cache @babel/helper-validator-option@https://registry.npmjs.org/@babel/helper-validator-option/-/helper-validator-option-7.27.1.tgz 0ms (cache hit)
1299 http cache @jridgewell/gen-mapping@https://registry.npmjs.org/@jridgewell/gen-mapping/-/gen-mapping-0.3.13.tgz 0ms (cache hit)
1300 http cache picocolors@https://registry.npmjs.org/picocolors/-/picocolors-1.1.1.tgz 0ms (cache hit)
1301 http cache js-tokens@https://registry.npmjs.org/js-tokens/-/js-tokens-4.0.0.tgz 0ms (cache hit)
1302 http cache @babel/helper-validator-identifier@https://registry.npmjs.org/@babel/helper-validator-identifier/-/helper-validator-identifier-7.28.5.tgz 0ms (cache hit)
1303 http cache semver@https://registry.npmjs.org/semver/-/semver-6.3.1.tgz 0ms (cache hit)
1304 http cache json5@https://registry.npmjs.org/json5/-/json5-2.2.3.tgz 0ms (cache hit)
1305 http cache gensync@https://registry.npmjs.org/gensync/-/gensync-1.0.0-beta.2.tgz 0ms (cache hit)
1306 http cache debug@https://registry.npmjs.org/debug/-/debug-4.4.3.tgz 0ms (cache hit)
1307 http cache browserslist@https://registry.npmjs.org/browserslist/-/browserslist-4.28.1.tgz 0ms (cache hit)
1308 http cache @babel/types@https://registry.npmjs.org/@babel/types/-/types-7.29.0.tgz 0ms (cache hit)
1309 http cache @jridgewell/remapping@https://registry.npmjs.org/@jridgewell/remapping/-/remapping-2.3.5.tgz 0ms (cache hit)
1310 http cache @babel/template@https://registry.npmjs.org/@babel/template/-/template-7.28.6.tgz 0ms (cache hit)
1311 http cache @babel/traverse@https://registry.npmjs.org/@babel/traverse/-/traverse-7.29.0.tgz 0ms (cache hit)
1312 http cache @babel/parser@https://registry.npmjs.org/@babel/parser/-/parser-7.29.0.tgz 0ms (cache hit)
1313 http cache @babel/helpers@https://registry.npmjs.org/@babel/helpers/-/helpers-7.28.6.tgz 0ms (cache hit)
1314 http cache @babel/helper-compilation-targets@https://registry.npmjs.org/@babel/helper-compilation-targets/-/helper-compilation-targets-7.28.6.tgz 0ms (cache hit)
1315 http cache @babel/generator@https://registry.npmjs.org/@babel/generator/-/generator-7.29.1.tgz 0ms (cache hit)
1316 http cache convert-source-map@https://registry.npmjs.org/convert-source-map/-/convert-source-map-2.0.0.tgz 0ms (cache hit)
1317 http cache @babel/code-frame@https://registry.npmjs.org/@babel/code-frame/-/code-frame-7.29.0.tgz 0ms (cache hit)
1318 http cache @babel/helper-module-transforms@https://registry.npmjs.org/@babel/helper-module-transforms/-/helper-module-transforms-7.28.6.tgz 0ms (cache hit)
1319 http cache react-refresh@https://registry.npmjs.org/react-refresh/-/react-refresh-0.18.0.tgz 0ms (cache hit)
1320 http cache @babel/plugin-transform-react-jsx-source@https://registry.npmjs.org/@babel/plugin-transform-react-jsx-source/-/plugin-transform-react-jsx-source-7.27.1.tgz 0ms (cache hit)
1321 http cache @rolldown/pluginutils@https://registry.npmjs.org/@rolldown/pluginutils/-/pluginutils-1.0.0-rc.3.tgz 0ms (cache hit)
1322 http cache @babel/plugin-transform-react-jsx-self@https://registry.npmjs.org/@babel/plugin-transform-react-jsx-self/-/plugin-transform-react-jsx-self-7.27.1.tgz 0ms (cache hit)
1323 http cache @babel/core@https://registry.npmjs.org/@babel/core/-/core-7.29.0.tgz 0ms (cache hit)
1324 http cache csstype@https://registry.npmjs.org/csstype/-/csstype-3.2.3.tgz 0ms (cache hit)
1325 http cache react-dom@https://registry.npmjs.org/react-dom/-/react-dom-19.2.4.tgz 0ms (cache hit)
1326 http cache react@https://registry.npmjs.org/react/-/react-19.2.4.tgz 0ms (cache hit)
1327 http cache globals@https://registry.npmjs.org/globals/-/globals-16.5.0.tgz 0ms (cache hit)
1328 http cache eslint-plugin-react-hooks@https://registry.npmjs.org/eslint-plugin-react-hooks/-/eslint-plugin-react-hooks-7.0.1.tgz 0ms (cache hit)
1329 http cache eslint-plugin-react-refresh@https://registry.npmjs.org/eslint-plugin-react-refresh/-/eslint-plugin-react-refresh-0.4.26.tgz 0ms (cache hit)
1330 http cache eslint@https://registry.npmjs.org/eslint/-/eslint-9.39.3.tgz 0ms (cache hit)
1331 http cache vite@https://registry.npmjs.org/vite/-/vite-7.3.1.tgz 0ms (cache hit)
1332 http cache @vitejs/plugin-react@https://registry.npmjs.org/@vitejs/plugin-react/-/plugin-react-5.1.4.tgz 0ms (cache hit)
1333 http cache @types/react-dom@https://registry.npmjs.org/@types/react-dom/-/react-dom-19.2.3.tgz 0ms (cache hit)
1334 http cache @types/react@https://registry.npmjs.org/@types/react/-/react-19.2.14.tgz 0ms (cache hit)
1335 http cache globals@https://registry.npmjs.org/globals/-/globals-14.0.0.tgz 0ms (cache hit)
1336 http cache eslint-visitor-keys@https://registry.npmjs.org/eslint-visitor-keys/-/eslint-visitor-keys-3.4.3.tgz 0ms (cache hit)
1337 http cache @types/babel__core@https://registry.npmjs.org/@types/babel__core/-/babel__core-7.20.5.tgz 0ms (cache hit)
1338 silly tarball no local data for isexe@https://registry.npmjs.org/isexe/-/isexe-2.0.0.tgz. Extracting by manifest.
1339 silly tarball no local data for source-map-js@https://registry.npmjs.org/source-map-js/-/source-map-js-1.2.1.tgz. Extracting by manifest.
1340 silly tarball no local data for @rollup/rollup-darwin-arm64@https://registry.npmjs.org/@rollup/rollup-darwin-arm64/-/rollup-darwin-arm64-4.59.0.tgz. Extracting by manifest.
1341 silly tarball no local data for nanoid@https://registry.npmjs.org/nanoid/-/nanoid-3.3.11.tgz. Extracting by manifest.
1342 silly tarball no local data for @esbuild/darwin-arm64@https://registry.npmjs.org/@esbuild/darwin-arm64/-/darwin-arm64-0.27.3.tgz. Extracting by manifest.
1343 silly tarball no local data for tinyglobby@https://registry.npmjs.org/tinyglobby/-/tinyglobby-0.2.15.tgz. Extracting by manifest.
1344 silly tarball no local data for postcss@https://registry.npmjs.org/postcss/-/postcss-8.5.6.tgz. Extracting by manifest.
1345 silly tarball no local data for picomatch@https://registry.npmjs.org/picomatch/-/picomatch-4.0.3.tgz. Extracting by manifest.
1346 http cache @eslint/js@https://registry.npmjs.org/@eslint/js/-/js-9.39.3.tgz 0ms (cache hit)
1347 silly tarball no local data for fsevents@https://registry.npmjs.org/fsevents/-/fsevents-2.3.3.tgz. Extracting by manifest.
1348 silly tarball no local data for esbuild@https://registry.npmjs.org/esbuild/-/esbuild-0.27.3.tgz. Extracting by manifest.
1349 silly tarball no local data for fdir@https://registry.npmjs.org/fdir/-/fdir-6.5.0.tgz. Extracting by manifest.
1350 silly tarball no local data for rollup@https://registry.npmjs.org/rollup/-/rollup-4.59.0.tgz. Extracting by manifest.
1351 silly tarball no local data for escalade@https://registry.npmjs.org/escalade/-/escalade-3.2.0.tgz. Extracting by manifest.
1352 silly tarball no local data for has-flag@https://registry.npmjs.org/has-flag/-/has-flag-4.0.0.tgz. Extracting by manifest.
1353 silly tarball no local data for shebang-regex@https://registry.npmjs.org/shebang-regex/-/shebang-regex-3.0.0.tgz. Extracting by manifest.
1354 silly tarball no local data for punycode@https://registry.npmjs.org/punycode/-/punycode-2.3.1.tgz. Extracting by manifest.
1355 silly tarball no local data for scheduler@https://registry.npmjs.org/scheduler/-/scheduler-0.27.0.tgz. Extracting by manifest.
1356 silly tarball no local data for callsites@https://registry.npmjs.org/callsites/-/callsites-3.1.0.tgz. Extracting by manifest.
1357 silly tarball no local data for word-wrap@https://registry.npmjs.org/word-wrap/-/word-wrap-1.2.5.tgz. Extracting by manifest.
1358 silly tarball no local data for fast-levenshtein@https://registry.npmjs.org/fast-levenshtein/-/fast-levenshtein-2.0.6.tgz. Extracting by manifest.
1359 silly tarball no local data for p-limit@https://registry.npmjs.org/p-limit/-/p-limit-3.1.0.tgz. Extracting by manifest.
1360 silly tarball no local data for yocto-queue@https://registry.npmjs.org/yocto-queue/-/yocto-queue-0.1.0.tgz. Extracting by manifest.
1361 silly tarball no local data for concat-map@https://registry.npmjs.org/concat-map/-/concat-map-0.0.1.tgz. Extracting by manifest.
1362 silly tarball no local data for brace-expansion@https://registry.npmjs.org/brace-expansion/-/brace-expansion-1.1.12.tgz. Extracting by manifest.
1363 silly tarball no local data for balanced-match@https://registry.npmjs.org/balanced-match/-/balanced-match-1.0.2.tgz. Extracting by manifest.
1364 silly tarball no local data for yallist@https://registry.npmjs.org/yallist/-/yallist-3.1.1.tgz. Extracting by manifest.
1365 silly tarball no local data for p-locate@https://registry.npmjs.org/p-locate/-/p-locate-5.0.0.tgz. Extracting by manifest.
1366 silly tarball no local data for type-check@https://registry.npmjs.org/type-check/-/type-check-0.4.0.tgz. Extracting by manifest.
1367 silly tarball no local data for prelude-ls@https://registry.npmjs.org/prelude-ls/-/prelude-ls-1.2.1.tgz. Extracting by manifest.
1368 silly tarball no local data for json-buffer@https://registry.npmjs.org/json-buffer/-/json-buffer-3.0.1.tgz. Extracting by manifest.
1369 silly tarball no local data for argparse@https://registry.npmjs.org/argparse/-/argparse-2.0.1.tgz. Extracting by manifest.
1370 silly tarball no local data for is-extglob@https://registry.npmjs.org/is-extglob/-/is-extglob-2.1.1.tgz. Extracting by manifest.
1371 silly tarball no local data for parent-module@https://registry.npmjs.org/parent-module/-/parent-module-1.0.1.tgz. Extracting by manifest.
1372 silly tarball no local data for resolve-from@https://registry.npmjs.org/resolve-from/-/resolve-from-4.0.0.tgz. Extracting by manifest.
1373 silly tarball no local data for hermes-estree@https://registry.npmjs.org/hermes-estree/-/hermes-estree-0.25.1.tgz. Extracting by manifest.
1374 silly tarball no local data for keyv@https://registry.npmjs.org/keyv/-/keyv-4.5.4.tgz. Extracting by manifest.
1375 silly tarball no local data for flatted@https://registry.npmjs.org/flatted/-/flatted-3.3.3.tgz. Extracting by manifest.
1376 silly tarball no local data for path-exists@https://registry.npmjs.org/path-exists/-/path-exists-4.0.0.tgz. Extracting by manifest.
1377 silly tarball no local data for locate-path@https://registry.npmjs.org/locate-path/-/locate-path-6.0.0.tgz. Extracting by manifest.
1378 silly tarball no local data for acorn@https://registry.npmjs.org/acorn/-/acorn-8.16.0.tgz. Extracting by manifest.
1379 silly tarball no local data for flat-cache@https://registry.npmjs.org/flat-cache/-/flat-cache-4.0.1.tgz. Extracting by manifest.
1380 silly tarball no local data for estraverse@https://registry.npmjs.org/estraverse/-/estraverse-5.3.0.tgz. Extracting by manifest.
1381 silly tarball no local data for acorn-jsx@https://registry.npmjs.org/acorn-jsx/-/acorn-jsx-5.3.2.tgz. Extracting by manifest.
1382 silly tarball no local data for esrecurse@https://registry.npmjs.org/esrecurse/-/esrecurse-4.3.0.tgz. Extracting by manifest.
1383 silly tarball no local data for zod-validation-error@https://registry.npmjs.org/zod-validation-error/-/zod-validation-error-4.0.2.tgz. Extracting by manifest.
1384 silly tarball no local data for zod@https://registry.npmjs.org/zod/-/zod-4.3.6.tgz. Extracting by manifest.
1385 silly tarball no local data for hermes-parser@https://registry.npmjs.org/hermes-parser/-/hermes-parser-0.25.1.tgz. Extracting by manifest.
1386 silly tarball no local data for which@https://registry.npmjs.org/which/-/which-2.0.2.tgz. Extracting by manifest.
1387 silly tarball no local data for shebang-command@https://registry.npmjs.org/shebang-command/-/shebang-command-2.0.0.tgz. Extracting by manifest.
1388 silly tarball no local data for path-key@https://registry.npmjs.org/path-key/-/path-key-3.1.1.tgz. Extracting by manifest.
1389 silly tarball no local data for color-name@https://registry.npmjs.org/color-name/-/color-name-1.1.4.tgz. Extracting by manifest.
1390 silly tarball no local data for color-convert@https://registry.npmjs.org/color-convert/-/color-convert-2.0.1.tgz. Extracting by manifest.
1391 silly tarball no local data for supports-color@https://registry.npmjs.org/supports-color/-/supports-color-7.2.0.tgz. Extracting by manifest.
1392 silly tarball no local data for ansi-styles@https://registry.npmjs.org/ansi-styles/-/ansi-styles-4.3.0.tgz. Extracting by manifest.
1393 silly tarball no local data for uri-js@https://registry.npmjs.org/uri-js/-/uri-js-4.4.1.tgz. Extracting by manifest.
1394 silly tarball no local data for deep-is@https://registry.npmjs.org/deep-is/-/deep-is-0.1.4.tgz. Extracting by manifest.
1395 silly tarball no local data for fast-json-stable-stringify@https://registry.npmjs.org/fast-json-stable-stringify/-/fast-json-stable-stringify-2.1.0.tgz. Extracting by manifest.
1396 silly tarball no local data for @humanfs/core@https://registry.npmjs.org/@humanfs/core/-/core-0.19.1.tgz. Extracting by manifest.
1397 silly tarball no local data for levn@https://registry.npmjs.org/levn/-/levn-0.4.1.tgz. Extracting by manifest.
1398 silly tarball no local data for import-fresh@https://registry.npmjs.org/import-fresh/-/import-fresh-3.3.1.tgz. Extracting by manifest.
1399 silly tarball no local data for js-yaml@https://registry.npmjs.org/js-yaml/-/js-yaml-4.1.1.tgz. Extracting by manifest.
1400 silly tarball no local data for @types/json-schema@https://registry.npmjs.org/@types/json-schema/-/json-schema-7.0.15.tgz. Extracting by manifest.
1401 silly tarball no local data for optionator@https://registry.npmjs.org/optionator/-/optionator-0.9.4.tgz. Extracting by manifest.
1402 silly tarball no local data for natural-compare@https://registry.npmjs.org/natural-compare/-/natural-compare-1.4.0.tgz. Extracting by manifest.
1403 silly tarball no local data for @eslint/object-schema@https://registry.npmjs.org/@eslint/object-schema/-/object-schema-2.1.7.tgz. Extracting by manifest.
1404 silly tarball no local data for strip-json-comments@https://registry.npmjs.org/strip-json-comments/-/strip-json-comments-3.1.1.tgz. Extracting by manifest.
1405 silly tarball no local data for minimatch@https://registry.npmjs.org/minimatch/-/minimatch-3.1.4.tgz. Extracting by manifest.
1406 silly tarball no local data for lodash.merge@https://registry.npmjs.org/lodash.merge/-/lodash.merge-4.6.2.tgz. Extracting by manifest.
1407 silly tarball no local data for is-glob@https://registry.npmjs.org/is-glob/-/is-glob-4.0.3.tgz. Extracting by manifest.
1408 silly tarball no local data for imurmurhash@https://registry.npmjs.org/imurmurhash/-/imurmurhash-0.1.4.tgz. Extracting by manifest.
1409 silly tarball no local data for json-schema-traverse@https://registry.npmjs.org/json-schema-traverse/-/json-schema-traverse-0.4.1.tgz. Extracting by manifest.
1410 silly tarball no local data for ignore@https://registry.npmjs.org/ignore/-/ignore-5.3.2.tgz. Extracting by manifest.
1411 silly tarball no local data for find-up@https://registry.npmjs.org/find-up/-/find-up-5.0.0.tgz. Extracting by manifest.
1412 silly tarball no local data for file-entry-cache@https://registry.npmjs.org/file-entry-cache/-/file-entry-cache-8.0.0.tgz. Extracting by manifest.
1413 silly tarball no local data for fast-deep-equal@https://registry.npmjs.org/fast-deep-equal/-/fast-deep-equal-3.1.3.tgz. Extracting by manifest.
1414 silly tarball no local data for esutils@https://registry.npmjs.org/esutils/-/esutils-2.0.3.tgz. Extracting by manifest.
1415 silly tarball no local data for esquery@https://registry.npmjs.org/esquery/-/esquery-1.7.0.tgz. Extracting by manifest.
1416 silly tarball no local data for glob-parent@https://registry.npmjs.org/glob-parent/-/glob-parent-6.0.2.tgz. Extracting by manifest.
1417 silly tarball no local data for espree@https://registry.npmjs.org/espree/-/espree-10.4.0.tgz. Extracting by manifest.
1418 silly tarball no local data for json-stable-stringify-without-jsonify@https://registry.npmjs.org/json-stable-stringify-without-jsonify/-/json-stable-stringify-without-jsonify-1.0.1.tgz. Extracting by manifest.
1419 silly tarball no local data for eslint-visitor-keys@https://registry.npmjs.org/eslint-visitor-keys/-/eslint-visitor-keys-4.2.1.tgz. Extracting by manifest.
1420 silly tarball no local data for chalk@https://registry.npmjs.org/chalk/-/chalk-4.1.2.tgz. Extracting by manifest.
1421 silly tarball no local data for escape-string-regexp@https://registry.npmjs.org/escape-string-regexp/-/escape-string-regexp-4.0.0.tgz. Extracting by manifest.
1422 silly tarball no local data for @types/estree@https://registry.npmjs.org/@types/estree/-/estree-1.0.8.tgz. Extracting by manifest.
1423 silly tarball no local data for ajv@https://registry.npmjs.org/ajv/-/ajv-6.14.0.tgz. Extracting by manifest.
1424 silly tarball no local data for @humanfs/node@https://registry.npmjs.org/@humanfs/node/-/node-0.16.7.tgz. Extracting by manifest.
1425 silly tarball no local data for @humanwhocodes/retry@https://registry.npmjs.org/@humanwhocodes/retry/-/retry-0.4.3.tgz. Extracting by manifest.
1426 silly tarball no local data for cross-spawn@https://registry.npmjs.org/cross-spawn/-/cross-spawn-7.0.6.tgz. Extracting by manifest.
1427 silly tarball no local data for eslint-scope@https://registry.npmjs.org/eslint-scope/-/eslint-scope-8.4.0.tgz. Extracting by manifest.
1428 silly tarball no local data for @humanwhocodes/module-importer@https://registry.npmjs.org/@humanwhocodes/module-importer/-/module-importer-1.0.1.tgz. Extracting by manifest.
1429 silly tarball no local data for @eslint/plugin-kit@https://registry.npmjs.org/@eslint/plugin-kit/-/plugin-kit-0.4.1.tgz. Extracting by manifest.
1430 silly tarball no local data for @eslint/eslintrc@https://registry.npmjs.org/@eslint/eslintrc/-/eslintrc-3.3.4.tgz. Extracting by manifest.
1431 silly tarball no local data for @eslint/config-helpers@https://registry.npmjs.org/@eslint/config-helpers/-/config-helpers-0.4.2.tgz. Extracting by manifest.
1432 silly tarball no local data for @eslint/config-array@https://registry.npmjs.org/@eslint/config-array/-/config-array-0.21.1.tgz. Extracting by manifest.
1433 silly tarball no local data for @eslint-community/regexpp@https://registry.npmjs.org/@eslint-community/regexpp/-/regexpp-4.12.2.tgz. Extracting by manifest.
1434 silly tarball no local data for ms@https://registry.npmjs.org/ms/-/ms-2.1.3.tgz. Extracting by manifest.
1435 silly tarball no local data for @eslint-community/eslint-utils@https://registry.npmjs.org/@eslint-community/eslint-utils/-/eslint-utils-4.9.1.tgz. Extracting by manifest.
1436 silly tarball no local data for update-browserslist-db@https://registry.npmjs.org/update-browserslist-db/-/update-browserslist-db-1.2.3.tgz. Extracting by manifest.
1437 silly tarball no local data for electron-to-chromium@https://registry.npmjs.org/electron-to-chromium/-/electron-to-chromium-1.5.302.tgz. Extracting by manifest.
1438 silly tarball no local data for node-releases@https://registry.npmjs.org/node-releases/-/node-releases-2.0.27.tgz. Extracting by manifest.
1439 silly tarball no local data for caniuse-lite@https://registry.npmjs.org/caniuse-lite/-/caniuse-lite-1.0.30001774.tgz. Extracting by manifest.
1440 silly tarball no local data for @eslint/core@https://registry.npmjs.org/@eslint/core/-/core-0.17.0.tgz. Extracting by manifest.
1441 silly tarball no local data for baseline-browser-mapping@https://registry.npmjs.org/baseline-browser-mapping/-/baseline-browser-mapping-2.10.0.tgz. Extracting by manifest.
1442 silly tarball no local data for @types/babel__traverse@https://registry.npmjs.org/@types/babel__traverse/-/babel__traverse-7.28.0.tgz. Extracting by manifest.
1443 silly tarball no local data for @types/babel__template@https://registry.npmjs.org/@types/babel__template/-/babel__template-7.4.4.tgz. Extracting by manifest.
1444 silly tarball no local data for @jridgewell/sourcemap-codec@https://registry.npmjs.org/@jridgewell/sourcemap-codec/-/sourcemap-codec-1.5.5.tgz. Extracting by manifest.
1445 silly tarball no local data for @jridgewell/resolve-uri@https://registry.npmjs.org/@jridgewell/resolve-uri/-/resolve-uri-3.1.2.tgz. Extracting by manifest.
1446 silly tarball no local data for @babel/helper-string-parser@https://registry.npmjs.org/@babel/helper-string-parser/-/helper-string-parser-7.27.1.tgz. Extracting by manifest.
1447 silly tarball no local data for @babel/helper-globals@https://registry.npmjs.org/@babel/helper-globals/-/helper-globals-7.28.0.tgz. Extracting by manifest.
1448 silly tarball no local data for lru-cache@https://registry.npmjs.org/lru-cache/-/lru-cache-5.1.1.tgz. Extracting by manifest.
1449 silly tarball no local data for @babel/helper-plugin-utils@https://registry.npmjs.org/@babel/helper-plugin-utils/-/helper-plugin-utils-7.28.6.tgz. Extracting by manifest.
1450 silly tarball no local data for @babel/helper-module-imports@https://registry.npmjs.org/@babel/helper-module-imports/-/helper-module-imports-7.28.6.tgz. Extracting by manifest.
1451 silly tarball no local data for @types/babel__generator@https://registry.npmjs.org/@types/babel__generator/-/babel__generator-7.27.0.tgz. Extracting by manifest.
1452 silly tarball no local data for @babel/compat-data@https://registry.npmjs.org/@babel/compat-data/-/compat-data-7.29.0.tgz. Extracting by manifest.
1453 silly tarball no local data for jsesc@https://registry.npmjs.org/jsesc/-/jsesc-3.1.0.tgz. Extracting by manifest.
1454 silly tarball no local data for @jridgewell/trace-mapping@https://registry.npmjs.org/@jridgewell/trace-mapping/-/trace-mapping-0.3.31.tgz. Extracting by manifest.
1455 silly tarball no local data for @babel/helper-validator-option@https://registry.npmjs.org/@babel/helper-validator-option/-/helper-validator-option-7.27.1.tgz. Extracting by manifest.
1456 silly tarball no local data for @jridgewell/gen-mapping@https://registry.npmjs.org/@jridgewell/gen-mapping/-/gen-mapping-0.3.13.tgz. Extracting by manifest.
1457 silly tarball no local data for picocolors@https://registry.npmjs.org/picocolors/-/picocolors-1.1.1.tgz. Extracting by manifest.
1458 silly tarball no local data for js-tokens@https://registry.npmjs.org/js-tokens/-/js-tokens-4.0.0.tgz. Extracting by manifest.
1459 silly tarball no local data for @babel/helper-validator-identifier@https://registry.npmjs.org/@babel/helper-validator-identifier/-/helper-validator-identifier-7.28.5.tgz. Extracting by manifest.
1460 silly tarball no local data for semver@https://registry.npmjs.org/semver/-/semver-6.3.1.tgz. Extracting by manifest.
1461 silly tarball no local data for json5@https://registry.npmjs.org/json5/-/json5-2.2.3.tgz. Extracting by manifest.
1462 silly tarball no local data for gensync@https://registry.npmjs.org/gensync/-/gensync-1.0.0-beta.2.tgz. Extracting by manifest.
1463 silly tarball no local data for debug@https://registry.npmjs.org/debug/-/debug-4.4.3.tgz. Extracting by manifest.
1464 silly tarball no local data for browserslist@https://registry.npmjs.org/browserslist/-/browserslist-4.28.1.tgz. Extracting by manifest.
1465 silly tarball no local data for @babel/types@https://registry.npmjs.org/@babel/types/-/types-7.29.0.tgz. Extracting by manifest.
1466 silly tarball no local data for @jridgewell/remapping@https://registry.npmjs.org/@jridgewell/remapping/-/remapping-2.3.5.tgz. Extracting by manifest.
1467 silly tarball no local data for @babel/template@https://registry.npmjs.org/@babel/template/-/template-7.28.6.tgz. Extracting by manifest.
1468 silly tarball no local data for @babel/traverse@https://registry.npmjs.org/@babel/traverse/-/traverse-7.29.0.tgz. Extracting by manifest.
1469 silly tarball no local data for @babel/parser@https://registry.npmjs.org/@babel/parser/-/parser-7.29.0.tgz. Extracting by manifest.
1470 silly tarball no local data for @babel/helpers@https://registry.npmjs.org/@babel/helpers/-/helpers-7.28.6.tgz. Extracting by manifest.
1471 silly tarball no local data for @babel/helper-compilation-targets@https://registry.npmjs.org/@babel/helper-compilation-targets/-/helper-compilation-targets-7.28.6.tgz. Extracting by manifest.
1472 silly tarball no local data for @babel/generator@https://registry.npmjs.org/@babel/generator/-/generator-7.29.1.tgz. Extracting by manifest.
1473 silly tarball no local data for convert-source-map@https://registry.npmjs.org/convert-source-map/-/convert-source-map-2.0.0.tgz. Extracting by manifest.
1474 silly tarball no local data for @babel/code-frame@https://registry.npmjs.org/@babel/code-frame/-/code-frame-7.29.0.tgz. Extracting by manifest.
1475 silly tarball no local data for @babel/helper-module-transforms@https://registry.npmjs.org/@babel/helper-module-transforms/-/helper-module-transforms-7.28.6.tgz. Extracting by manifest.
1476 silly tarball no local data for react-refresh@https://registry.npmjs.org/react-refresh/-/react-refresh-0.18.0.tgz. Extracting by manifest.
1477 silly tarball no local data for @babel/plugin-transform-react-jsx-source@https://registry.npmjs.org/@babel/plugin-transform-react-jsx-source/-/plugin-transform-react-jsx-source-7.27.1.tgz. Extracting by manifest.
1478 silly tarball no local data for @rolldown/pluginutils@https://registry.npmjs.org/@rolldown/pluginutils/-/pluginutils-1.0.0-rc.3.tgz. Extracting by manifest.
1479 silly tarball no local data for @babel/plugin-transform-react-jsx-self@https://registry.npmjs.org/@babel/plugin-transform-react-jsx-self/-/plugin-transform-react-jsx-self-7.27.1.tgz. Extracting by manifest.
1480 silly tarball no local data for @babel/core@https://registry.npmjs.org/@babel/core/-/core-7.29.0.tgz. Extracting by manifest.
1481 silly tarball no local data for csstype@https://registry.npmjs.org/csstype/-/csstype-3.2.3.tgz. Extracting by manifest.
1482 silly tarball no local data for react-dom@https://registry.npmjs.org/react-dom/-/react-dom-19.2.4.tgz. Extracting by manifest.
1483 silly tarball no local data for react@https://registry.npmjs.org/react/-/react-19.2.4.tgz. Extracting by manifest.
1484 silly tarball no local data for globals@https://registry.npmjs.org/globals/-/globals-16.5.0.tgz. Extracting by manifest.
1485 silly tarball no local data for eslint-plugin-react-hooks@https://registry.npmjs.org/eslint-plugin-react-hooks/-/eslint-plugin-react-hooks-7.0.1.tgz. Extracting by manifest.
1486 silly tarball no local data for eslint-plugin-react-refresh@https://registry.npmjs.org/eslint-plugin-react-refresh/-/eslint-plugin-react-refresh-0.4.26.tgz. Extracting by manifest.
1487 silly tarball no local data for eslint@https://registry.npmjs.org/eslint/-/eslint-9.39.3.tgz. Extracting by manifest.
1488 silly tarball no local data for vite@https://registry.npmjs.org/vite/-/vite-7.3.1.tgz. Extracting by manifest.
1489 silly tarball no local data for @vitejs/plugin-react@https://registry.npmjs.org/@vitejs/plugin-react/-/plugin-react-5.1.4.tgz. Extracting by manifest.
1490 silly tarball no local data for @types/react-dom@https://registry.npmjs.org/@types/react-dom/-/react-dom-19.2.3.tgz. Extracting by manifest.
1491 silly tarball no local data for @types/react@https://registry.npmjs.org/@types/react/-/react-19.2.14.tgz. Extracting by manifest.
1492 silly tarball no local data for globals@https://registry.npmjs.org/globals/-/globals-14.0.0.tgz. Extracting by manifest.
1493 silly tarball no local data for eslint-visitor-keys@https://registry.npmjs.org/eslint-visitor-keys/-/eslint-visitor-keys-3.4.3.tgz. Extracting by manifest.
1494 silly tarball no local data for @types/babel__core@https://registry.npmjs.org/@types/babel__core/-/babel__core-7.20.5.tgz. Extracting by manifest.
1495 silly tarball no local data for @eslint/js@https://registry.npmjs.org/@eslint/js/-/js-9.39.3.tgz. Extracting by manifest.
1496 http fetch GET 200 https://registry.npmjs.org/isexe/-/isexe-2.0.0.tgz 162ms (cache miss)
1497 http fetch GET 200 https://registry.npmjs.org/tinyglobby/-/tinyglobby-0.2.15.tgz 182ms (cache miss)
1498 http fetch GET 200 https://registry.npmjs.org/nanoid/-/nanoid-3.3.11.tgz 220ms (cache miss)
1499 http fetch GET 200 https://registry.npmjs.org/source-map-js/-/source-map-js-1.2.1.tgz 251ms (cache miss)
1500 http fetch GET 200 https://registry.npmjs.org/shebang-regex/-/shebang-regex-3.0.0.tgz 310ms (cache miss)
1501 http fetch POST 200 https://registry.npmjs.org/-/npm/v1/security/advisories/bulk 348ms
1502 silly audit report {}
1503 http fetch GET 200 https://registry.npmjs.org/punycode/-/punycode-2.3.1.tgz 326ms (cache miss)
1504 http fetch GET 200 https://registry.npmjs.org/p-limit/-/p-limit-3.1.0.tgz 462ms (cache miss)
1505 http fetch GET 200 https://registry.npmjs.org/callsites/-/callsites-3.1.0.tgz 462ms (cache miss)
1506 http fetch GET 200 https://registry.npmjs.org/fast-levenshtein/-/fast-levenshtein-2.0.6.tgz 481ms (cache miss)
1507 http fetch GET 200 https://registry.npmjs.org/escalade/-/escalade-3.2.0.tgz 483ms (cache miss)
1508 http fetch GET 200 https://registry.npmjs.org/concat-map/-/concat-map-0.0.1.tgz 589ms (cache miss)
1509 http fetch GET 200 https://registry.npmjs.org/esbuild/-/esbuild-0.27.3.tgz 592ms (cache miss)
1510 http fetch GET 200 https://registry.npmjs.org/has-flag/-/has-flag-4.0.0.tgz 614ms (cache miss)
1511 http fetch GET 200 https://registry.npmjs.org/yocto-queue/-/yocto-queue-0.1.0.tgz 614ms (cache miss)
1512 http fetch GET 200 https://registry.npmjs.org/word-wrap/-/word-wrap-1.2.5.tgz 614ms (cache miss)
1513 http fetch GET 200 https://registry.npmjs.org/brace-expansion/-/brace-expansion-1.1.12.tgz 616ms (cache miss)
1514 http fetch GET 200 https://registry.npmjs.org/balanced-match/-/balanced-match-1.0.2.tgz 623ms (cache miss)
1515 http fetch GET 200 https://registry.npmjs.org/fsevents/-/fsevents-2.3.3.tgz 663ms (cache miss)
1516 http fetch GET 200 https://registry.npmjs.org/yallist/-/yallist-3.1.1.tgz 675ms (cache miss)
1517 http fetch GET 200 https://registry.npmjs.org/p-locate/-/p-locate-5.0.0.tgz 677ms (cache miss)
1518 http fetch GET 200 https://registry.npmjs.org/fdir/-/fdir-6.5.0.tgz 696ms (cache miss)
1519 http fetch GET 200 https://registry.npmjs.org/is-extglob/-/is-extglob-2.1.1.tgz 706ms (cache miss)
1520 http fetch GET 200 https://registry.npmjs.org/json-buffer/-/json-buffer-3.0.1.tgz 715ms (cache miss)
1521 http fetch GET 200 https://registry.npmjs.org/prelude-ls/-/prelude-ls-1.2.1.tgz 720ms (cache miss)
1522 http fetch GET 200 https://registry.npmjs.org/type-check/-/type-check-0.4.0.tgz 723ms (cache miss)
1523 http fetch GET 200 https://registry.npmjs.org/argparse/-/argparse-2.0.1.tgz 740ms (cache miss)
1524 http fetch GET 200 https://registry.npmjs.org/@esbuild/darwin-arm64/-/darwin-arm64-0.27.3.tgz 764ms (cache miss)
1525 http fetch GET 200 https://registry.npmjs.org/postcss/-/postcss-8.5.6.tgz 770ms (cache miss)
1526 http fetch GET 200 https://registry.npmjs.org/resolve-from/-/resolve-from-4.0.0.tgz 776ms (cache miss)
1527 http fetch GET 200 https://registry.npmjs.org/hermes-estree/-/hermes-estree-0.25.1.tgz 794ms (cache miss)
1528 http fetch GET 200 https://registry.npmjs.org/keyv/-/keyv-4.5.4.tgz 800ms (cache miss)
1529 http fetch GET 200 https://registry.npmjs.org/flatted/-/flatted-3.3.3.tgz 808ms (cache miss)
1530 http fetch GET 200 https://registry.npmjs.org/parent-module/-/parent-module-1.0.1.tgz 813ms (cache miss)
1531 http fetch GET 200 https://registry.npmjs.org/@rollup/rollup-darwin-arm64/-/rollup-darwin-arm64-4.59.0.tgz 819ms (cache miss)
1532 http fetch GET 200 https://registry.npmjs.org/estraverse/-/estraverse-5.3.0.tgz 827ms (cache miss)
1533 http fetch GET 200 https://registry.npmjs.org/path-exists/-/path-exists-4.0.0.tgz 832ms (cache miss)
1534 http fetch GET 200 https://registry.npmjs.org/acorn-jsx/-/acorn-jsx-5.3.2.tgz 832ms (cache miss)
1535 http fetch GET 200 https://registry.npmjs.org/locate-path/-/locate-path-6.0.0.tgz 833ms (cache miss)
1536 http fetch GET 200 https://registry.npmjs.org/flat-cache/-/flat-cache-4.0.1.tgz 836ms (cache miss)
1537 http fetch GET 200 https://registry.npmjs.org/esrecurse/-/esrecurse-4.3.0.tgz 858ms (cache miss)
1538 http fetch GET 200 https://registry.npmjs.org/zod-validation-error/-/zod-validation-error-4.0.2.tgz 878ms (cache miss)
1539 http fetch GET 200 https://registry.npmjs.org/picomatch/-/picomatch-4.0.3.tgz 1010ms (cache miss)
1540 http fetch GET 200 https://registry.npmjs.org/color-convert/-/color-convert-2.0.1.tgz 1004ms (cache miss)
1541 http fetch GET 200 https://registry.npmjs.org/path-key/-/path-key-3.1.1.tgz 1004ms (cache miss)
1542 http fetch GET 200 https://registry.npmjs.org/shebang-command/-/shebang-command-2.0.0.tgz 1005ms (cache miss)
1543 http fetch GET 200 https://registry.npmjs.org/supports-color/-/supports-color-7.2.0.tgz 1004ms (cache miss)
1544 http fetch GET 200 https://registry.npmjs.org/acorn/-/acorn-8.16.0.tgz 1006ms (cache miss)
1545 http fetch GET 200 https://registry.npmjs.org/color-name/-/color-name-1.1.4.tgz 1005ms (cache miss)
1546 http fetch GET 200 https://registry.npmjs.org/ansi-styles/-/ansi-styles-4.3.0.tgz 1005ms (cache miss)
1547 http fetch GET 200 https://registry.npmjs.org/which/-/which-2.0.2.tgz 1006ms (cache miss)
1548 http fetch GET 200 https://registry.npmjs.org/rollup/-/rollup-4.59.0.tgz 1015ms (cache miss)
1549 http fetch GET 200 https://registry.npmjs.org/deep-is/-/deep-is-0.1.4.tgz 1069ms (cache miss)
1550 http fetch GET 200 https://registry.npmjs.org/strip-json-comments/-/strip-json-comments-3.1.1.tgz 1100ms (cache miss)
1551 http fetch GET 200 https://registry.npmjs.org/import-fresh/-/import-fresh-3.3.1.tgz 1102ms (cache miss)
1552 http fetch GET 200 https://registry.npmjs.org/levn/-/levn-0.4.1.tgz 1107ms (cache miss)
1553 http fetch GET 200 https://registry.npmjs.org/optionator/-/optionator-0.9.4.tgz 1124ms (cache miss)
1554 http fetch GET 200 https://registry.npmjs.org/@types/json-schema/-/json-schema-7.0.15.tgz 1124ms (cache miss)
1555 http fetch GET 200 https://registry.npmjs.org/natural-compare/-/natural-compare-1.4.0.tgz 1125ms (cache miss)
1556 http fetch GET 200 https://registry.npmjs.org/fast-json-stable-stringify/-/fast-json-stable-stringify-2.1.0.tgz 1128ms (cache miss)
1557 http fetch GET 200 https://registry.npmjs.org/js-yaml/-/js-yaml-4.1.1.tgz 1131ms (cache miss)
1558 http fetch GET 200 https://registry.npmjs.org/@humanfs/core/-/core-0.19.1.tgz 1138ms (cache miss)
1559 http fetch GET 200 https://registry.npmjs.org/@eslint/object-schema/-/object-schema-2.1.7.tgz 1139ms (cache miss)
1560 http fetch GET 200 https://registry.npmjs.org/uri-js/-/uri-js-4.4.1.tgz 1157ms (cache miss)
1561 http fetch GET 200 https://registry.npmjs.org/minimatch/-/minimatch-3.1.4.tgz 1158ms (cache miss)
1562 http fetch GET 200 https://registry.npmjs.org/imurmurhash/-/imurmurhash-0.1.4.tgz 1171ms (cache miss)
1563 http fetch GET 200 https://registry.npmjs.org/is-glob/-/is-glob-4.0.3.tgz 1191ms (cache miss)
1564 http fetch GET 200 https://registry.npmjs.org/ignore/-/ignore-5.3.2.tgz 1199ms (cache miss)
1565 http fetch GET 200 https://registry.npmjs.org/file-entry-cache/-/file-entry-cache-8.0.0.tgz 1206ms (cache miss)
1566 http fetch GET 200 https://registry.npmjs.org/hermes-parser/-/hermes-parser-0.25.1.tgz 1213ms (cache miss)
1567 http fetch GET 200 https://registry.npmjs.org/fast-deep-equal/-/fast-deep-equal-3.1.3.tgz 1218ms (cache miss)
1568 http fetch GET 200 https://registry.npmjs.org/find-up/-/find-up-5.0.0.tgz 1220ms (cache miss)
1569 http fetch GET 200 https://registry.npmjs.org/json-schema-traverse/-/json-schema-traverse-0.4.1.tgz 1220ms (cache miss)
1570 http fetch GET 200 https://registry.npmjs.org/glob-parent/-/glob-parent-6.0.2.tgz 1219ms (cache miss)
1571 http fetch GET 200 https://registry.npmjs.org/esutils/-/esutils-2.0.3.tgz 1228ms (cache miss)
1572 http fetch GET 200 https://registry.npmjs.org/espree/-/espree-10.4.0.tgz 1235ms (cache miss)
1573 http fetch GET 200 https://registry.npmjs.org/lodash.merge/-/lodash.merge-4.6.2.tgz 1238ms (cache miss)
1574 http fetch GET 200 https://registry.npmjs.org/scheduler/-/scheduler-0.27.0.tgz 1261ms (cache miss)
1575 http fetch GET 200 https://registry.npmjs.org/json-stable-stringify-without-jsonify/-/json-stable-stringify-without-jsonify-1.0.1.tgz 1253ms (cache miss)
1576 http fetch GET 200 https://registry.npmjs.org/eslint-visitor-keys/-/eslint-visitor-keys-4.2.1.tgz 1275ms (cache miss)
1577 http fetch GET 200 https://registry.npmjs.org/escape-string-regexp/-/escape-string-regexp-4.0.0.tgz 1281ms (cache miss)
1578 http fetch GET 200 https://registry.npmjs.org/chalk/-/chalk-4.1.2.tgz 1281ms (cache miss)
1579 http fetch GET 200 https://registry.npmjs.org/cross-spawn/-/cross-spawn-7.0.6.tgz 1290ms (cache miss)
1580 http fetch GET 200 https://registry.npmjs.org/@types/estree/-/estree-1.0.8.tgz 1294ms (cache miss)
1581 http fetch GET 200 https://registry.npmjs.org/@humanwhocodes/retry/-/retry-0.4.3.tgz 1336ms (cache miss)
1582 http fetch GET 200 https://registry.npmjs.org/@eslint/config-helpers/-/config-helpers-0.4.2.tgz 1347ms (cache miss)
1583 http fetch GET 200 https://registry.npmjs.org/@humanfs/node/-/node-0.16.7.tgz 1349ms (cache miss)
1584 http fetch GET 200 https://registry.npmjs.org/@humanwhocodes/module-importer/-/module-importer-1.0.1.tgz 1353ms (cache miss)
1585 http fetch GET 200 https://registry.npmjs.org/zod/-/zod-4.3.6.tgz 1376ms (cache miss)
1586 http fetch GET 200 https://registry.npmjs.org/@eslint/plugin-kit/-/plugin-kit-0.4.1.tgz 1370ms (cache miss)
1587 http fetch GET 200 https://registry.npmjs.org/ms/-/ms-2.1.3.tgz 1373ms (cache miss)
1588 http fetch GET 200 https://registry.npmjs.org/esquery/-/esquery-1.7.0.tgz 1392ms (cache miss)
1589 http fetch GET 200 https://registry.npmjs.org/@eslint-community/regexpp/-/regexpp-4.12.2.tgz 1506ms (cache miss)
1590 http fetch GET 200 https://registry.npmjs.org/node-releases/-/node-releases-2.0.27.tgz 1515ms (cache miss)
1591 http fetch GET 200 https://registry.npmjs.org/@types/babel__traverse/-/babel__traverse-7.28.0.tgz 1520ms (cache miss)
1592 http fetch GET 200 https://registry.npmjs.org/@eslint/core/-/core-0.17.0.tgz 1521ms (cache miss)
1593 http fetch GET 200 https://registry.npmjs.org/@types/babel__template/-/babel__template-7.4.4.tgz 1521ms (cache miss)
1594 http fetch GET 200 https://registry.npmjs.org/electron-to-chromium/-/electron-to-chromium-1.5.302.tgz 1521ms (cache miss)
1595 http fetch GET 200 https://registry.npmjs.org/baseline-browser-mapping/-/baseline-browser-mapping-2.10.0.tgz 1522ms (cache miss)
1596 http fetch GET 200 https://registry.npmjs.org/@eslint-community/eslint-utils/-/eslint-utils-4.9.1.tgz 1525ms (cache miss)
1597 http fetch GET 200 https://registry.npmjs.org/eslint-scope/-/eslint-scope-8.4.0.tgz 1527ms (cache miss)
1598 http fetch GET 200 https://registry.npmjs.org/@jridgewell/sourcemap-codec/-/sourcemap-codec-1.5.5.tgz 1529ms (cache miss)
1599 http fetch GET 200 https://registry.npmjs.org/ajv/-/ajv-6.14.0.tgz 1557ms (cache miss)
1600 http fetch GET 200 https://registry.npmjs.org/@eslint/config-array/-/config-array-0.21.1.tgz 1586ms (cache miss)
1601 http fetch GET 200 https://registry.npmjs.org/update-browserslist-db/-/update-browserslist-db-1.2.3.tgz 1603ms (cache miss)
1602 http fetch GET 200 https://registry.npmjs.org/lru-cache/-/lru-cache-5.1.1.tgz 1611ms (cache miss)
1603 http fetch GET 200 https://registry.npmjs.org/@types/babel__generator/-/babel__generator-7.27.0.tgz 1618ms (cache miss)
1604 http fetch GET 200 https://registry.npmjs.org/jsesc/-/jsesc-3.1.0.tgz 1627ms (cache miss)
1605 http fetch GET 200 https://registry.npmjs.org/@jridgewell/resolve-uri/-/resolve-uri-3.1.2.tgz 1628ms (cache miss)
1606 http fetch GET 200 https://registry.npmjs.org/@babel/compat-data/-/compat-data-7.29.0.tgz 1628ms (cache miss)
1607 http fetch GET 200 https://registry.npmjs.org/@babel/helper-module-imports/-/helper-module-imports-7.28.6.tgz 1640ms (cache miss)
1608 http fetch GET 200 https://registry.npmjs.org/@babel/helper-validator-option/-/helper-validator-option-7.27.1.tgz 1656ms (cache miss)
1609 http fetch GET 200 https://registry.npmjs.org/@babel/helper-plugin-utils/-/helper-plugin-utils-7.28.6.tgz 1657ms (cache miss)
1610 http fetch GET 200 https://registry.npmjs.org/@babel/helper-globals/-/helper-globals-7.28.0.tgz 1657ms (cache miss)
1611 http fetch GET 200 https://registry.npmjs.org/@babel/helper-string-parser/-/helper-string-parser-7.27.1.tgz 1658ms (cache miss)
1612 http fetch GET 200 https://registry.npmjs.org/@jridgewell/trace-mapping/-/trace-mapping-0.3.31.tgz 1664ms (cache miss)
1613 http fetch GET 200 https://registry.npmjs.org/js-tokens/-/js-tokens-4.0.0.tgz 1680ms (cache miss)
1614 http fetch GET 200 https://registry.npmjs.org/@jridgewell/gen-mapping/-/gen-mapping-0.3.13.tgz 1681ms (cache miss)
1615 http fetch GET 200 https://registry.npmjs.org/picocolors/-/picocolors-1.1.1.tgz 1685ms (cache miss)
1616 http fetch GET 200 https://registry.npmjs.org/gensync/-/gensync-1.0.0-beta.2.tgz 1708ms (cache miss)
1617 http fetch GET 200 https://registry.npmjs.org/semver/-/semver-6.3.1.tgz 1712ms (cache miss)
1618 http fetch GET 200 https://registry.npmjs.org/json5/-/json5-2.2.3.tgz 1713ms (cache miss)
1619 http fetch GET 200 https://registry.npmjs.org/@babel/helper-validator-identifier/-/helper-validator-identifier-7.28.5.tgz 1713ms (cache miss)
1620 http fetch GET 200 https://registry.npmjs.org/debug/-/debug-4.4.3.tgz 1735ms (cache miss)
1621 http fetch GET 200 https://registry.npmjs.org/browserslist/-/browserslist-4.28.1.tgz 1735ms (cache miss)
1622 http fetch GET 200 https://registry.npmjs.org/@babel/types/-/types-7.29.0.tgz 1785ms (cache miss)
1623 http fetch GET 200 https://registry.npmjs.org/@babel/template/-/template-7.28.6.tgz 1788ms (cache miss)
1624 http fetch GET 200 https://registry.npmjs.org/@jridgewell/remapping/-/remapping-2.3.5.tgz 1795ms (cache miss)
1625 http fetch GET 200 https://registry.npmjs.org/@babel/traverse/-/traverse-7.29.0.tgz 1801ms (cache miss)
1626 http fetch GET 200 https://registry.npmjs.org/convert-source-map/-/convert-source-map-2.0.0.tgz 1807ms (cache miss)
1627 http fetch GET 200 https://registry.npmjs.org/react-refresh/-/react-refresh-0.18.0.tgz 1819ms (cache miss)
1628 http fetch GET 200 https://registry.npmjs.org/@babel/generator/-/generator-7.29.1.tgz 1838ms (cache miss)
1629 http fetch GET 200 https://registry.npmjs.org/@babel/helper-compilation-targets/-/helper-compilation-targets-7.28.6.tgz 1842ms (cache miss)
1630 http fetch GET 200 https://registry.npmjs.org/@babel/plugin-transform-react-jsx-source/-/plugin-transform-react-jsx-source-7.27.1.tgz 1848ms (cache miss)
1631 http fetch GET 200 https://registry.npmjs.org/@babel/helper-module-transforms/-/helper-module-transforms-7.28.6.tgz 1863ms (cache miss)
1632 http fetch GET 200 https://registry.npmjs.org/caniuse-lite/-/caniuse-lite-1.0.30001774.tgz 1871ms (cache miss)
1633 http fetch GET 200 https://registry.npmjs.org/@babel/code-frame/-/code-frame-7.29.0.tgz 1881ms (cache miss)
1634 http fetch GET 200 https://registry.npmjs.org/@rolldown/pluginutils/-/pluginutils-1.0.0-rc.3.tgz 1911ms (cache miss)
1635 http fetch GET 200 https://registry.npmjs.org/react/-/react-19.2.4.tgz 1914ms (cache miss)
1636 http fetch GET 200 https://registry.npmjs.org/@babel/plugin-transform-react-jsx-self/-/plugin-transform-react-jsx-self-7.27.1.tgz 1915ms (cache miss)
1637 http fetch GET 200 https://registry.npmjs.org/globals/-/globals-16.5.0.tgz 1915ms (cache miss)
1638 http fetch GET 200 https://registry.npmjs.org/csstype/-/csstype-3.2.3.tgz 2021ms (cache miss)
1639 http fetch GET 200 https://registry.npmjs.org/eslint-plugin-react-refresh/-/eslint-plugin-react-refresh-0.4.26.tgz 2034ms (cache miss)
1640 http fetch GET 200 https://registry.npmjs.org/@types/react-dom/-/react-dom-19.2.3.tgz 2058ms (cache miss)
1641 http fetch GET 200 https://registry.npmjs.org/@types/react/-/react-19.2.14.tgz 2062ms (cache miss)
1642 http fetch GET 200 https://registry.npmjs.org/@babel/helpers/-/helpers-7.28.6.tgz 2077ms (cache miss)
1643 http fetch GET 200 https://registry.npmjs.org/eslint-visitor-keys/-/eslint-visitor-keys-3.4.3.tgz 2132ms (cache miss)
1644 http fetch GET 200 https://registry.npmjs.org/globals/-/globals-14.0.0.tgz 2156ms (cache miss)
1645 http fetch GET 200 https://registry.npmjs.org/@vitejs/plugin-react/-/plugin-react-5.1.4.tgz 2163ms (cache miss)
1646 http fetch GET 200 https://registry.npmjs.org/eslint-plugin-react-hooks/-/eslint-plugin-react-hooks-7.0.1.tgz 2181ms (cache miss)
1647 http fetch GET 200 https://registry.npmjs.org/@babel/core/-/core-7.29.0.tgz 2244ms (cache miss)
1648 http fetch GET 200 https://registry.npmjs.org/@babel/parser/-/parser-7.29.0.tgz 2278ms (cache miss)
1649 http fetch GET 200 https://registry.npmjs.org/vite/-/vite-7.3.1.tgz 2371ms (cache miss)
1650 http fetch GET 200 https://registry.npmjs.org/eslint/-/eslint-9.39.3.tgz 2444ms (cache miss)
1651 http fetch GET 200 https://registry.npmjs.org/@eslint/js/-/js-9.39.3.tgz 2533ms (cache miss)
1652 http fetch GET 200 https://registry.npmjs.org/@types/babel__core/-/babel__core-7.20.5.tgz 2724ms (cache miss)
1653 http fetch GET 200 https://registry.npmjs.org/react-dom/-/react-dom-19.2.4.tgz 2762ms (cache miss)
1654 http fetch GET 200 https://registry.npmjs.org/@eslint/eslintrc/-/eslintrc-3.3.4.tgz 4761ms (cache miss)
1655 info run fsevents@2.3.3 install node_modules/fsevents node-gyp rebuild
1656 info run fsevents@2.3.3 install { code: 1, signal: null }
1657 verbose reify failed optional dependency /Users/shivam/Desktop/aditi/frontend/node_modules/fsevents
1658 silly reify mark deleted [ '/Users/shivam/Desktop/aditi/frontend/node_modules/fsevents' ]
1659 info run esbuild@0.27.3 postinstall node_modules/esbuild node install.js
1660 info run esbuild@0.27.3 postinstall { code: 0, signal: null }
1661 silly ADD node_modules/isexe
1662 silly ADD node_modules/@rollup/rollup-darwin-arm64
1663 silly ADD node_modules/source-map-js
1664 silly ADD node_modules/nanoid
1665 silly ADD node_modules/@esbuild/darwin-arm64
1666 silly ADD node_modules/tinyglobby
1667 silly ADD node_modules/rollup
1668 silly ADD node_modules/postcss
1669 silly ADD node_modules/picomatch
1670 silly ADD
1671 silly ADD node_modules/fdir
1672 silly ADD node_modules/esbuild
1673 silly ADD node_modules/punycode
1674 silly ADD node_modules/escalade
1675 silly ADD node_modules/has-flag
1676 silly ADD node_modules/shebang-regex
1677 silly ADD node_modules/scheduler
1678 silly ADD node_modules/callsites
1679 silly ADD node_modules/yocto-queue
1680 silly ADD node_modules/p-limit
1681 silly ADD node_modules/word-wrap
1682 silly ADD node_modules/fast-levenshtein
1683 silly ADD node_modules/deep-is
1684 silly ADD node_modules/concat-map
1685 silly ADD node_modules/balanced-match
1686 silly ADD node_modules/brace-expansion
1687 silly ADD node_modules/yallist
1688 silly ADD node_modules/p-locate
1689 silly ADD node_modules/type-check
1690 silly ADD node_modules/prelude-ls
1691 silly ADD node_modules/json-buffer
1692 silly ADD node_modules/argparse
1693 silly ADD node_modules/is-extglob
1694 silly ADD node_modules/resolve-from
1695 silly ADD node_modules/parent-module
1696 silly ADD node_modules/hermes-estree
1697 silly ADD node_modules/keyv
1698 silly ADD node_modules/flatted
1699 silly ADD node_modules/path-exists
1700 silly ADD node_modules/locate-path
1701 silly ADD node_modules/flat-cache
1702 silly ADD node_modules/acorn-jsx
1703 silly ADD node_modules/acorn
1704 silly ADD node_modules/estraverse
1705 silly ADD node_modules/esrecurse
1706 silly ADD node_modules/zod-validation-error
1707 silly ADD node_modules/zod
1708 silly ADD node_modules/hermes-parser
1709 silly ADD node_modules/which
1710 silly ADD node_modules/shebang-command
1711 silly ADD node_modules/path-key
1712 silly ADD node_modules/color-name
1713 silly ADD node_modules/color-convert
1714 silly ADD node_modules/supports-color
1715 silly ADD node_modules/ansi-styles
1716 silly ADD node_modules/uri-js
1717 silly ADD node_modules/json-schema-traverse
1718 silly ADD node_modules/fast-json-stable-stringify
1719 silly ADD node_modules/@humanfs/core
1720 silly ADD node_modules/levn
1721 silly ADD node_modules/strip-json-comments
1722 silly ADD node_modules/js-yaml
1723 silly ADD node_modules/import-fresh
1724 silly ADD node_modules/@types/json-schema
1725 silly ADD node_modules/@eslint/object-schema
1726 silly ADD node_modules/optionator
1727 silly ADD node_modules/natural-compare
1728 silly ADD node_modules/minimatch
1729 silly ADD node_modules/lodash.merge
1730 silly ADD node_modules/json-stable-stringify-without-jsonify
1731 silly ADD node_modules/is-glob
1732 silly ADD node_modules/imurmurhash
1733 silly ADD node_modules/ignore
1734 silly ADD node_modules/glob-parent
1735 silly ADD node_modules/find-up
1736 silly ADD node_modules/file-entry-cache
1737 silly ADD node_modules/fast-deep-equal
1738 silly ADD node_modules/esutils
1739 silly ADD node_modules/esquery
1740 silly ADD node_modules/espree
1741 silly ADD node_modules/eslint-visitor-keys
1742 silly ADD node_modules/eslint-scope
1743 silly ADD node_modules/escape-string-regexp
1744 silly ADD node_modules/cross-spawn
1745 silly ADD node_modules/chalk
1746 silly ADD node_modules/ajv
1747 silly ADD node_modules/@types/estree
1748 silly ADD node_modules/@humanwhocodes/retry
1749 silly ADD node_modules/@humanwhocodes/module-importer
1750 silly ADD node_modules/@humanfs/node
1751 silly ADD node_modules/@eslint/plugin-kit
1752 silly ADD node_modules/@eslint/eslintrc
1753 silly ADD node_modules/@eslint/eslintrc/node_modules/globals
1754 silly ADD node_modules/@eslint/core
1755 silly ADD node_modules/@eslint/config-helpers
1756 silly ADD node_modules/@eslint/config-array
1757 silly ADD node_modules/@eslint-community/regexpp
1758 silly ADD node_modules/@eslint-community/eslint-utils
1759 silly ADD node_modules/@eslint-community/eslint-utils/node_modules/eslint-visitor-keys
1760 silly ADD node_modules/ms
1761 silly ADD node_modules/update-browserslist-db
1762 silly ADD node_modules/node-releases
1763 silly ADD node_modules/electron-to-chromium
1764 silly ADD node_modules/caniuse-lite
1765 silly ADD node_modules/baseline-browser-mapping
1766 silly ADD node_modules/@types/babel__traverse
1767 silly ADD node_modules/@types/babel__template
1768 silly ADD node_modules/@types/babel__generator
1769 silly ADD node_modules/@jridgewell/resolve-uri
1770 silly ADD node_modules/@jridgewell/sourcemap-codec
1771 silly ADD node_modules/@babel/helper-string-parser
1772 silly ADD node_modules/@babel/helper-globals
1773 silly ADD node_modules/@babel/helper-plugin-utils
1774 silly ADD node_modules/@babel/helper-module-imports
1775 silly ADD node_modules/lru-cache
1776 silly ADD node_modules/browserslist
1777 silly ADD node_modules/@babel/helper-validator-option
1778 silly ADD node_modules/@babel/compat-data
1779 silly ADD node_modules/jsesc
1780 silly ADD node_modules/@jridgewell/trace-mapping
1781 silly ADD node_modules/@jridgewell/gen-mapping
1782 silly ADD node_modules/picocolors
1783 silly ADD node_modules/js-tokens
1784 silly ADD node_modules/@babel/helper-validator-identifier
1785 silly ADD node_modules/semver
1786 silly ADD node_modules/json5
1787 silly ADD node_modules/gensync
1788 silly ADD node_modules/debug
1789 silly ADD node_modules/convert-source-map
1790 silly ADD node_modules/@jridgewell/remapping
1791 silly ADD node_modules/@babel/types
1792 silly ADD node_modules/@babel/traverse
1793 silly ADD node_modules/@babel/template
1794 silly ADD node_modules/@babel/parser
1795 silly ADD node_modules/@babel/helpers
1796 silly ADD node_modules/@babel/helper-module-transforms
1797 silly ADD node_modules/@babel/helper-compilation-targets
1798 silly ADD node_modules/@babel/generator
1799 silly ADD node_modules/@babel/code-frame
1800 silly ADD node_modules/react-refresh
1801 silly ADD node_modules/@types/babel__core
1802 silly ADD node_modules/@rolldown/pluginutils
1803 silly ADD node_modules/@babel/plugin-transform-react-jsx-source
1804 silly ADD node_modules/@babel/plugin-transform-react-jsx-self
1805 silly ADD node_modules/@babel/core
1806 silly ADD node_modules/csstype
1807 silly ADD node_modules/react-dom
1808 silly ADD node_modules/react
1809 silly ADD node_modules/globals
1810 silly ADD node_modules/eslint-plugin-react-refresh
1811 silly ADD node_modules/eslint-plugin-react-hooks
1812 silly ADD node_modules/eslint
1813 silly ADD node_modules/vite
1814 silly ADD node_modules/@vitejs/plugin-react
1815 silly ADD node_modules/@types/react-dom
1816 silly ADD node_modules/@types/react
1817 silly ADD node_modules/@eslint/js
1818 verbose cwd /Users/shivam/Desktop/aditi/frontend
1819 verbose os Darwin 25.3.0
1820 verbose node v25.6.1
1821 verbose npm  v11.9.0
1822 verbose exit 0
1823 info ok
